"country","iso2c","iso3c","year","status","lastupdated","gdp_per_capita","life_expectancy","region","capital","longitude","latitude","income","lending","download_date","gdp_start","life_start","gdp_growth","life_gain"
"Afghanistan","AF","AFG",2024,NA,"2026-07-13",1964.45228895456,66.289,"Middle East, North Africa, Afghanistan & Pakistan","Kabul",69.1761,34.5228,"Low income","IDA","2026-10-03",1617.82647494969,55.005,21.4254012634853,11.284
"Albania","AL","ALB",2024,NA,"2026-07-13",21640.9835773271,79.776,"Europe & Central Asia","Tirane",19.8172,41.3317,"Upper middle income","IBRD","2026-10-03",6581.98909242849,74.826,228.790936500055,4.95
"Algeria","DZ","DZA",2024,NA,"2026-07-13",15501.9197003966,76.475,"Middle East, North Africa, Afghanistan & Pakistan","Algiers",3.05097,36.7397,"Upper middle income","IBRD","2026-10-03",11558.220469383,70.576,34.1202976830232,5.899
"Andorra","AD","AND",2024,NA,"2026-07-13",66232.7444195598,84.188,"Europe & Central Asia","Andorra la Vella",1.5218,42.5075,"High income","Not classified","2026-10-03",54809.1441679423,81.863,20.8425079884738,2.325
"Angola","AO","AGO",2024,NA,"2026-07-13",8752.7974709833,64.805,"Sub-Saharan Africa","Luanda",13.242,-8.81155,"Lower middle income","IBRD","2026-10-03",6794.53021072097,46.501,28.8212311893531,18.304
"Antigua and Barbuda","AG","ATG",2024,NA,"2026-07-13",29298.6474164727,77.766,"Latin America & Caribbean","Saint John's",-61.8456,17.1175,"High income","IBRD","2026-10-03",25547.6120273679,74.819,14.682528390859,2.947
"Argentina","AR","ARG",2024,NA,"2026-07-13",26771.9657650571,77.543,"Latin America & Caribbean","Buenos Aires",-58.4173,-34.6118,"Upper middle income","IBRD","2026-10-03",22281.3814299958,73.91,20.153976310535,3.63300000000001
"Armenia","AM","ARM",2024,NA,"2026-07-13",20078.7848984844,78.319512195122,"Europe & Central Asia","Yerevan",44.509,40.1596,"Upper middle income","IBRD","2026-10-03",4589.00825039977,72.8804878048781,337.54083241701,5.4390243902439
"Aruba","AW","ABW",2024,NA,"2026-07-13",45428.0027283518,76.5,"Latin America & Caribbean","Oranjestad",-70.0167,12.5167,"High income","Not classified","2026-10-03",37618.9926155094,72.939,20.7581584989677,3.56100000000001
"Australia","AU","AUS",2024,NA,"2026-07-13",60309.5831772339,83.0512195121951,"East Asia & Pacific","Canberra",149.129,-35.282,"High income","Not classified","2026-10-03",45099.0752097084,79.2341463414634,33.7268733267754,3.8170731707317
"Austria","AT","AUT",2024,NA,"2026-07-13",63787.9891749462,81.9951219512195,"Europe & Central Asia","Vienna",16.3798,48.2201,"High income","Not classified","2026-10-03",53534.2669894259,78.1268292682927,19.1535679148191,3.86829268292681
"Azerbaijan","AZ","AZE",2024,NA,"2026-07-13",22090.5298026929,74.576,"Europe & Central Asia","Baku",49.8932,40.3834,"Upper middle income","IBRD","2026-10-03",5656.92989378687,65.377,290.503863711576,9.199
"Bahamas, The","BS","BHS",2024,NA,"2026-07-13",36244.0500123244,74.71,"Latin America & Caribbean","Nassau",-77.339,25.0661,"High income","Not classified","2026-10-03",34597.1621145274,72.481,4.76018204136308,2.229
"Bahrain","BH","BHR",2024,NA,"2026-07-13",59060.1818363183,81.423,"Middle East, North Africa, Afghanistan & Pakistan","Manama",50.5354,26.1921,"High income","Not classified","2026-10-03",57968.9956082135,74.673,1.88236179815782,6.75
"Bangladesh","BD","BGD",2024,NA,"2026-07-13",8486.78495660517,74.93,"South Asia","Dhaka",90.4113,23.7055,"Lower middle income","IDA","2026-10-03",2712.93512215725,62.049,212.826683074408,12.881
"Barbados","BB","BRB",2024,NA,"2026-07-13",21557.5276350385,76.332,"Latin America & Caribbean","Bridgetown",-59.6105,13.0935,"High income","IBRD","2026-10-03",21315.7684300571,74.58,1.13418010603126,1.752
"Belarus","BY","BLR",2024,NA,"2026-07-13",29135.9465139232,74.3653414634147,"Europe & Central Asia","Minsk",27.5766,53.9678,"Upper middle income","IBRD","2026-10-03",11182.4548339393,68.9121951219512,160.550540526166,5.45314634146349
"Belgium","BE","BEL",2024,NA,"2026-07-13",63311.2766917178,82.3,"Europe & Central Asia","Brussels",4.36761,50.8371,"High income","Not classified","2026-10-03",50455.7338920674,77.7219512195122,25.4788540528424,4.57804878048779
"Belize","BZ","BLZ",2024,NA,"2026-07-13",12621.4081961897,73.739,"Latin America & Caribbean","Belmopan",-88.7713,17.2534,"Upper middle income","Blend","2026-10-03",11363.6868781615,68.911,11.0678983987606,4.828
"Benin","BJ","BEN",2024,NA,"2026-07-13",3901.32588494392,60.961,"Sub-Saharan Africa","Porto-Novo",2.6323,6.4779,"Lower middle income","IDA","2026-10-03",2536.16885867097,56.594,53.8275289362371,4.367
"Bermuda","BM","BMU",2024,NA,"2026-07-13",104299.944358815,82.49,"North America","Hamilton",-64.706,32.3293,"High income","Not classified","2026-10-03",98024.0788793146,78.251,6.40237128596446,4.23899999999999
"Bhutan","BT","BTN",2024,NA,"2026-07-13",15603.8871298469,73.262,"South Asia","Thimphu",89.6177,27.5768,"Lower middle income","IDA","2026-10-03",5287.57434721684,61.842,195.104826999929,11.42
"Bolivia","BO","BOL",2024,NA,"2026-07-13",11329.1518061536,68.739,"Latin America & Caribbean","La Paz",-66.1936,-13.9908,"Lower middle income","IBRD","2026-10-03",7492.4338168091,62.057,51.2078996378575,6.682
"Bosnia and Herzegovina","BA","BIH",2024,NA,"2026-07-13",20578.4995446816,78.044,"Europe & Central Asia","Sarajevo",18.4214,43.8607,"Upper middle income","IBRD","2026-10-03",7830.5018609252,75.292,162.799242119715,2.752
"Botswana","BW","BWA",2024,NA,"2026-07-13",18107.614452913,69.293,"Sub-Saharan Africa","Gaborone",25.9201,-24.6544,"Upper middle income","IBRD","2026-10-03",13185.8171514278,52.263,37.3264489031099,17.03
"Brazil","BR","BRA",2024,NA,"2026-07-13",19652.365499171,76.023,"Latin America & Caribbean","Brasilia",-47.9292,-15.7801,"Upper middle income","IBRD","2026-10-03",14005.3471874231,69.584,40.3204450141655,6.43899999999999
"Brunei Darussalam","BN","BRN",2024,NA,"2026-07-13",79071.7333801445,75.501,"East Asia & Pacific","Bandar Seri Begawan",114.946,4.94199,"High income","Not classified","2026-10-03",100323.439918528,74.017,-21.1831916405995,1.48400000000001
"Bulgaria","BG","BGR",2024,NA,"2026-07-13",34221.3866940362,75.7609756097561,"Europe & Central Asia","Sofia",23.3238,42.7105,"High income","IBRD","2026-10-03",12563.8362285253,71.6634146341463,172.38007620904,4.0975609756098
"Burkina Faso","BF","BFA",2024,NA,"2026-07-13",2548.50247702504,61.292,"Sub-Saharan Africa","Ouagadougou",-1.53395,12.3605,"Low income","IDA","2026-10-03",1428.57400617096,50.808,78.3948515104128,10.484
"Burundi","BI","BDI",2024,NA,"2026-07-13",1048.05557098193,63.818,"Sub-Saharan Africa","Bujumbura",29.3639,-3.3784,"Low income","IDA","2026-10-03",1030.32234706616,47.617,1.72113358176353,16.201
"Cabo Verde","CV","CPV",2024,NA,"2026-07-13",9825.53410093619,76.224,"Sub-Saharan Africa","Praia",-23.5087,14.9218,"Upper middle income","Blend","2026-10-03",4510.13573659758,68.117,117.854509814565,8.107
"Cambodia","KH","KHM",2024,NA,"2026-07-13",7011.58146903703,70.817,"East Asia & Pacific","Phnom Penh",104.874,11.5556,"Lower middle income","IDA","2026-10-03",1922.03179092592,59.491,264.800494046941,11.326
"Cameroon","CM","CMR",2024,NA,"2026-07-13",4916.93354019494,63.968,"Sub-Saharan Africa","Yaounde",11.5174,3.8721,"Lower middle income","Blend","2026-10-03",3822.94425358926,53.338,28.6164069899414,10.63
"Canada","CA","CAN",2024,NA,"2026-07-13",57534.0915185335,82.1080487804878,"North America","Ottawa",-75.6919,45.4215,"High income","Not classified","2026-10-03",48399.2864445547,79.1668292682927,18.8738424572508,2.9412195121951
"Central African Republic","CF","CAF",2024,NA,"2026-07-13",1111.21941638883,57.671,"Sub-Saharan Africa","Bangui",21.6407,5.63056,"Low income","IDA","2026-10-03",1245.81399563599,46.609,-10.8037459619684,11.062
"Chad","TD","TCD",2024,NA,"2026-07-13",2430.73298355271,55.238,"Sub-Saharan Africa","N'Djamena",15.0445,12.1048,"Low income","IDA","2026-10-03",1506.7157720422,47.937,61.3265772255174,7.301
"Chile","CL","CHL",2024,NA,"2026-07-13",30267.6440919907,81.359,"Latin America & Caribbean","Santiago",-70.6475,-33.475,"High income","IBRD","2026-10-03",17529.4205997692,77.128,72.6676812831407,4.23099999999999
"China","CN","CHN",2024,NA,"2026-07-13",23841.4769141817,78.017,"East Asia & Pacific","Beijing",116.286,40.0495,"Upper middle income","IBRD","2026-10-03",4065.86707804429,72.288,486.381120104143,5.729
"Colombia","CO","COL",2024,NA,"2026-07-13",18481.8374929368,77.913,"Latin America & Caribbean","Bogota",-74.082,4.60987,"Upper middle income","IBRD","2026-10-03",10813.4942250011,70.905,70.9145731100154,7.008
"Comoros","KM","COM",2024,NA,"2026-07-13",3556.0384263801,67.023,"Sub-Saharan Africa","Moroni",43.2418,-11.6986,"Lower middle income","IDA","2026-10-03",2917.87154106634,58.941,21.8709726021914,8.08199999999999
"Congo, Dem. Rep.","CD","COD",2024,NA,"2026-07-13",1601.70926640422,62.074,"Sub-Saharan Africa","Kinshasa",15.3222,-4.325,"Low income","IDA","2026-10-03",981.422080027189,51.887,63.2028970002231,10.187
"Congo, Rep.","CG","COG",2024,NA,"2026-07-13",6152.56509118442,66.001,"Sub-Saharan Africa","Brazzaville",15.2662,-4.2767,"Lower middle income","Blend","2026-10-03",7570.58279297342,55.371,-18.7306280185605,10.63
"Costa Rica","CR","CRI",2024,NA,"2026-07-13",27325.0470476503,80.996,"Latin America & Caribbean","San Jose",-84.0089,9.63701,"High income","IBRD","2026-10-03",14025.6899537485,77.317,94.8214108379561,3.679
"Cote d'Ivoire","CI","CIV",2024,NA,"2026-07-13",6747.0379677706,62.11,"Sub-Saharan Africa","Yamoussoukro",-4.0305,5.332,"Lower middle income","Blend","2026-10-03",4838.37602767698,51.393,39.4484002313068,10.717
"Croatia","HR","HRV",2024,NA,"2026-07-13",42828.7997273569,78.9292682926829,"Europe & Central Asia","Zagreb",15.9614,45.8069,"High income","IBRD","2026-10-03",21302.4117206381,72.8078048780488,101.051412811929,6.12146341463411
"Curacao","CW","CUW",2024,NA,"2026-07-13",28762.0581566389,76.989,"Latin America & Caribbean","Willemstad",NA,NA,"High income","Not classified","2026-10-03",34307.1250633963,73.283,-16.1630183132823,3.706
"Cyprus","CY","CYP",2024,NA,"2026-07-13",52861.8359375,81.821,"Europe & Central Asia","Nicosia",33.3736,35.1676,"High income","Not classified","2026-10-03",36121.6640625,77.9,46.3438557150498,3.92099999999999
"Czechia","CZ","CZE",2024,NA,"2026-07-13",47972.53171792,79.9780487804878,"Europe & Central Asia","Prague",14.4205,50.0878,"High income","Not classified","2026-10-03",29427.4070011514,74.9682926829268,63.0199076528998,5.009756097561
"Denmark","DK","DNK",2024,NA,"2026-07-13",71034.5789667138,82.2536585365854,"Europe & Central Asia","Copenhagen",12.5681,55.6763,"High income","Not classified","2026-10-03",57585.8965553524,76.5926829268293,23.3541252560587,5.66097560975611
"Dominica","DM","DMA",2024,NA,"2026-07-13",18739.3640404986,71.294,"Latin America & Caribbean","Roseau",-61.39,15.2976,"Upper middle income","Blend","2026-10-03",14054.6548016043,71.715,33.3320832494552,-0.421000000000006
"Dominican Republic","DO","DOM",2024,NA,"2026-07-13",24229.8894872915,73.868,"Latin America & Caribbean","Santo Domingo",-69.8908,18.479,"Upper middle income","IBRD","2026-10-03",10896.3184155964,70.365,122.367671016388,3.503
"Ecuador","EC","ECU",2024,NA,"2026-07-13",13922.4222780744,77.579,"Latin America & Caribbean","Quito",-78.5243,-0.229498,"Upper middle income","IBRD","2026-10-03",9183.05155276919,72.09,51.609976248865,5.48899999999999
"Egypt, Arab Rep.","EG","EGY",2024,NA,"2026-07-13",16798.151577838,71.806,"Middle East, North Africa, Afghanistan & Pakistan","Cairo",31.2461,30.0982,"Lower middle income","IBRD","2026-10-03",9981.62775081593,67.332,68.290703652667,4.474
"El Salvador","SV","SLV",2024,NA,"2026-07-13",11647.0234480127,72.302,"Latin America & Caribbean","San Salvador",-89.2073,13.7034,"Upper middle income","IBRD","2026-10-03",7545.44796218991,67.711,54.3582767567373,4.59100000000001
"Equatorial Guinea","GQ","GNQ",2024,NA,"2026-07-13",14997.7564392976,63.906,"Sub-Saharan Africa","Malabo",8.7741,3.7523,"Upper middle income","IBRD","2026-10-03",11767.4708814313,53.395,27.4509755784787,10.511
"Estonia","EE","EST",2024,NA,"2026-07-13",41185.8348356109,79.2951219512195,"Europe & Central Asia","Tallinn",24.7586,59.4392,"High income","Not classified","2026-10-03",20526.6606380865,70.4170731707317,100.645568033565,8.8780487804878
"Eswatini","SZ","SWZ",2024,NA,"2026-07-13",10386.2145717572,64.264,"Sub-Saharan Africa","Mbabane",31.4659,-26.5225,"Lower middle income","Blend","2026-10-03",6106.07478740465,47.627,70.0964192771015,16.637
"Ethiopia","ET","ETH",2024,NA,"2026-07-13",2892.22220162795,67.603,"Sub-Saharan Africa","Addis Ababa",38.7468,9.02274,"Low income","IDA","2026-10-03",810.270749115591,50.88,256.945157502576,16.723
"Fiji","FJ","FJI",2024,NA,"2026-07-13",13592.4635937435,67.463,"East Asia & Pacific","Suva",178.399,-18.1149,"Upper middle income","Blend","2026-10-03",9070.99318456826,66.194,49.8453732372685,1.26899999999999
"Finland","FI","FIN",2024,NA,"2026-07-13",55901.3202296588,82.3365853658537,"Europe & Central Asia","Helsinki",24.9525,60.1608,"High income","Not classified","2026-10-03",46968.841714507,77.4658536585366,19.0178811933377,4.87073170731709
"France","FR","FRA",2024,NA,"2026-07-13",54799.3482689389,82.9804878048781,"Europe & Central Asia","Paris",2.35097,48.8566,"High income","Not classified","2026-10-03",45922.4789363701,79.0560975609756,19.3301179251855,3.92439024390249
"Gabon","GA","GAB",2024,NA,"2026-07-13",18923.6616609778,68.511,"Sub-Saharan Africa","Libreville",9.45162,0.38832,"Upper middle income","IBRD","2026-10-03",21717.2240796789,61.81,-12.8633494246397,6.70099999999999
"Gambia, The","GM","GMB",2024,NA,"2026-07-13",3057.6841778633,66.057,"Sub-Saharan Africa","Banjul",-16.5885,13.4495,"Low income","IDA","2026-10-03",2658.61770579464,56.899,15.010299194159,9.158
"Georgia","GE","GEO",2024,NA,"2026-07-13",24146.6234108645,74.657,"Europe & Central Asia","Tbilisi",44.793,41.71,"Upper middle income","IBRD","2026-10-03",5706.27236527837,70.091,323.159321272365,4.566
"Germany","DE","DEU",2024,NA,"2026-07-13",62654.602264023,80.7926829268293,"Europe & Central Asia","Berlin",13.4115,52.5235,"High income","Not classified","2026-10-03",49955.6461286496,77.9268292682927,25.4204621889387,2.86585365853659
"Ghana","GH","GHA",2024,NA,"2026-07-13",7072.79879594445,65.695,"Sub-Saharan Africa","Accra",-0.20795,5.57045,"Lower middle income","IDA","2026-10-03",3327.35199291767,58.139,112.565391668781,7.55599999999999
"Greece","GR","GRC",2024,NA,"2026-07-13",37474.2798239947,81.8390243902439,"Europe & Central Asia","Athens",23.7166,37.9792,"High income","Not classified","2026-10-03",31386.639783624,77.8878048780488,19.3956412102035,3.95121951219511
"Grenada","GD","GRD",2024,NA,"2026-07-13",17484.5153919556,75.367,"Latin America & Caribbean","Saint George's",-61.7449,12.0653,"Upper middle income","Blend","2026-10-03",11625.050939182,72.955,50.4037744301351,2.41200000000001
"Guatemala","GT","GTM",2024,NA,"2026-07-13",12643.9841235004,72.746,"Latin America & Caribbean","Guatemala City",-90.5328,14.6248,"Upper middle income","IBRD","2026-10-03",8770.40815272307,67.102,44.166427643104,5.64399999999999
"Guinea","GN","GIN",2024,NA,"2026-07-13",4016.34191385979,60.904,"Sub-Saharan Africa","Conakry",-13.7,9.51667,"Lower middle income","IDA","2026-10-03",2358.28765608495,52.42,70.3075493566979,8.484
"Guinea-Bissau","GW","GNB",2024,NA,"2026-07-13",2717.54206972499,64.254,"Sub-Saharan Africa","Bissau",-15.1804,11.8037,"Low income","IDA","2026-10-03",1974.74466342453,50.565,37.6148582679205,13.689
"Guyana","GY","GUY",2024,NA,"2026-07-13",70516.7027944836,70.319,"Latin America & Caribbean","Georgetown",-58.1548,6.80461,"High income","IDA","2026-10-03",8025.29326490962,64.075,778.680696976097,6.244
"Haiti","HT","HTI",2024,NA,"2026-07-13",2783.79140882788,65.119,"Latin America & Caribbean","Port-au-Prince",-72.3288,18.5392,"Lower middle income","IDA","2026-10-03",3237.53077898724,58.175,-14.0149824398364,6.944
"Honduras","HN","HND",2024,NA,"2026-07-13",6590.84384301553,73.044,"Latin America & Caribbean","Tegucigalpa",-87.4667,15.1333,"Lower middle income","IDA","2026-10-03",4579.68960840984,68.302,43.9146406540858,4.74199999999999
"Hong Kong SAR, China","HK","HKG",2024,NA,"2026-07-13",66186.0448635456,85.3926829268293,"East Asia & Pacific","",114.109,22.3964,"High income","Not classified","2026-10-03",39848.5593475546,80.8731707317073,66.0939465496819,4.51951219512199
"Hungary","HU","HUN",2024,NA,"2026-07-13",40747.1986679668,76.7243902439025,"Europe & Central Asia","Budapest",19.0408,47.4984,"High income","Not classified","2026-10-03",22117.9204303193,71.2463414634146,84.2270786547837,5.47804878048791
"Iceland","IS","ISL",2024,NA,"2026-07-13",68230.356652817,82.809756097561,"Europe & Central Asia","Reykjavik",-21.8952,64.1353,"High income","Not classified","2026-10-03",50227.8408745363,79.6536585365854,35.841707437214,3.15609756097561
"India","IN","IND",2024,NA,"2026-07-13",9416.05137044735,72.235,"South Asia","New Delhi",77.225,28.6353,"Lower middle income","IBRD","2026-10-03",3010.42156148397,62.749,212.781820689783,9.486
"Indonesia","ID","IDN",2024,NA,"2026-07-13",14470.7179806578,71.288,"East Asia & Pacific","Jakarta",106.83,-6.19752,"Upper middle income","IBRD","2026-10-03",6056.38197842165,66.292,138.933376927276,4.996
"Iran, Islamic Rep.","IR","IRN",2024,NA,"2026-07-13",17484.1320140467,77.854,"Middle East, North Africa, Afghanistan & Pakistan","Tehran",51.4447,35.6878,"Upper middle income","IBRD","2026-10-03",11643.1218077696,70.166,50.1670454257321,7.688
"Iraq","IQ","IRQ",2024,NA,"2026-07-13",12725.0431260364,72.424,"Middle East, North Africa, Afghanistan & Pakistan","Baghdad",44.394,33.3302,"Upper middle income","IBRD","2026-10-03",12702.1641950892,64.86,0.180118368774074,7.56400000000001
"Ireland","IE","IRL",2024,NA,"2026-07-13",118833.312071751,83.009756097561,"Europe & Central Asia","Dublin",-6.26749,53.3441,"High income","Not classified","2026-10-03",53582.8313532284,76.5365853658537,121.774977302671,6.4731707317073
"Israel","IL","ISR",2024,NA,"2026-07-13",47388.7236682364,83.1975609756098,"Middle East, North Africa, Afghanistan & Pakistan","",35.2035,31.7717,"High income","Not classified","2026-10-03",33278.5412285682,78.9536585365854,42.4002432761542,4.24390243902441
"Italy","IT","ITA",2024,NA,"2026-07-13",53284.8745049149,83.9512195121951,"Europe & Central Asia","Rome",12.4823,41.8955,"High income","Not classified","2026-10-03",50353.4200415436,79.7780487804878,5.821758404797,4.1731707317073
"Jamaica","JM","JAM",2024,NA,"2026-07-13",11340.2638800451,71.606,"Latin America & Caribbean","Kingston",-76.792,17.9927,"Upper middle income","IBRD","2026-10-03",9667.92474492316,71.281,17.2978087774227,0.324999999999989
"Japan","JP","JPN",2024,NA,"2026-07-13",47479.8448545667,84.0363414634146,"East Asia & Pacific","Tokyo",139.77,35.67,"High income","Not classified","2026-10-03",39731.7953686304,81.0760975609756,19.5008793689037,2.960243902439
"Jordan","JO","JOR",2024,NA,"2026-07-13",10468.265334284,77.981,"Middle East, North Africa, Afghanistan & Pakistan","Amman",35.9263,31.9497,"Upper middle income","IBRD","2026-10-03",8781.60904744228,71.926,19.2066884067559,6.05499999999999
"Kazakhstan","KZ","KAZ",2024,NA,"2026-07-13",35973.9633287017,74.531,"Europe & Central Asia","Astana",71.4382,51.1879,"Upper middle income","IBRD","2026-10-03",12935.864368308,63.793,178.094778241766,10.738
"Kenya","KE","KEN",2024,NA,"2026-07-13",5841.59866001706,63.834,"Sub-Saharan Africa","Nairobi",36.8126,-1.27975,"Lower middle income","Blend","2026-10-03",3756.63622296879,56.084,55.500780839529,7.75
"Kiribati","KI","KIR",2024,NA,"2026-07-13",3275.00186630433,66.6,"East Asia & Pacific","Tarawa",172.979,1.32905,"Lower middle income","IDA","2026-10-03",2481.73318329794,64.674,31.9643017365883,1.92599999999999
"Korea, Rep.","KR","KOR",2024,NA,"2026-07-13",55070.9386194121,83.6292682926829,"East Asia & Pacific","Seoul",126.957,37.5323,"High income","Not classified","2026-10-03",26404.1588575745,75.909756097561,108.56918380346,7.71951219512189
"Kuwait","KW","KWT",2024,NA,"2026-07-13",46664.2195116056,84.580487804878,"Middle East, North Africa, Afghanistan & Pakistan","Kuwait City",47.9824,29.3721,"High income","Not classified","2026-10-03",60585.3026788164,76.2258780487805,-22.9776572067507,8.3546097560975
"Kyrgyz Republic","KG","KGZ",2024,NA,"2026-07-13",7210.57669830499,72.4,"Europe & Central Asia","Bishkek",74.6057,42.8851,"Lower middle income","IDA","2026-10-03",3638.46314292227,68.5585365853659,98.1764392015729,3.84146341463411
"Lao PDR","LA","LAO",2024,NA,"2026-07-13",8600.3245466568,69.225,"East Asia & Pacific","Vientiane",102.177,18.5826,"Lower middle income","IDA","2026-10-03",2899.01961879748,58.317,196.663206102214,10.908
"Latvia","LV","LVA",2024,NA,"2026-07-13",37615.0762450744,76.4292682926829,"Europe & Central Asia","Riga",24.1048,56.9465,"High income","Not classified","2026-10-03",14554.2131724037,70.3146341463415,158.44802325966,6.1146341463414
"Lebanon","LB","LBN",2024,NA,"2026-07-13",10469.2210966932,77.945,"Middle East, North Africa, Afghanistan & Pakistan","Beirut",35.5134,33.8872,"Lower middle income","IBRD","2026-10-03",11571.7326041085,73.895,-9.52762689161913,4.05
"Lesotho","LS","LSO",2024,NA,"2026-07-13",2697.62738436647,57.798,"Sub-Saharan Africa","Maseru",27.7167,-29.5208,"Lower middle income","IDA","2026-10-03",1932.15793223415,48.783,39.6173335192745,9.015
"Liberia","LR","LBR",2024,NA,"2026-07-13",1646.05861366601,62.324,"Sub-Saharan Africa","Monrovia",-10.7957,6.30039,"Low income","IDA","2026-10-03",1868.17975587618,51.852,-11.8897093018758,10.472
"Libya","LY","LBY",2024,NA,"2026-07-13",12583.8338726816,71.121,"Middle East, North Africa, Afghanistan & Pakistan","Tripoli",13.1072,32.8578,"Upper middle income","IBRD","2026-10-03",17747.0188855832,70.542,-29.0932524847647,0.578999999999994
"Lithuania","LT","LTU",2024,NA,"2026-07-13",47462.0039386975,77.1951219512195,"Europe & Central Asia","Vilnius",25.2799,54.6896,"High income","Not classified","2026-10-03",15777.4293800236,72.0195121951219,200.822160540239,5.1756097560976
"Luxembourg","LU","LUX",2024,NA,"2026-07-13",128475.283540415,83.1951219512195,"Europe & Central Asia","Luxembourg",6.1296,49.61,"High income","Not classified","2026-10-03",114148.353907645,77.8731707317073,12.5511486958118,5.3219512195122
"Macao SAR, China","MO","MAC",2024,NA,"2026-07-13",111693.502831434,83.3317073170732,"East Asia & Pacific","",113.55,22.1667,"High income","Not classified","2026-10-03",55994.760697993,80.1829268292683,99.4713459601184,3.1487804878049
"Madagascar","MG","MDG",2024,NA,"2026-07-13",1659.15030770194,63.835,"Sub-Saharan Africa","Antananarivo",45.7167,-20.4667,"Low income","IDA","2026-10-03",1701.44320253582,57.974,-2.48570712033449,5.861
"Malawi","MW","MWI",2024,NA,"2026-07-13",1634.24660266597,67.561,"Sub-Saharan Africa","Lilongwe",33.7703,-13.9899,"Low income","IDA","2026-10-03",1239.39174838676,46.17,31.8587609440815,21.391
"Malaysia","MY","MYS",2024,NA,"2026-07-13",34116.2317848885,76.821,"East Asia & Pacific","Kuala Lumpur",101.684,3.12433,"Upper middle income","IBRD","2026-10-03",18532.9096706227,72.732,84.0845954101184,4.089
"Maldives","MV","MDV",2024,NA,"2026-07-13",23034.4098404839,81.285,"South Asia","Male",73.5109,4.1742,"Upper middle income","IDA","2026-10-03",13738.2809408875,70.892,67.6658814854303,10.393
"Mali","ML","MLI",2024,NA,"2026-07-13",2917.93245883671,60.675,"Sub-Saharan Africa","Bamako",-7.50034,13.5667,"Low income","IDA","2026-10-03",2187.71894207161,50.605,33.3778486222568,10.07
"Malta","MT","MLT",2024,NA,"2026-07-13",62398.4892388947,82.9560975609756,"Middle East, North Africa, Afghanistan & Pakistan","Valletta",14.5189,35.9042,"High income","Not classified","2026-10-03",31068.0784498241,78.3487804878049,100.844379029331,4.60731707317071
"Marshall Islands","MH","MHL",2024,NA,"2026-07-13",7236.8679376649,67.075,"East Asia & Pacific","Majuro",171.135,7.11046,"Upper middle income","IDA","2026-10-03",3772.69913192999,63.323,91.8220267398517,3.752
"Mauritania","MR","MRT",2024,NA,"2026-07-13",6482.69016635936,68.713,"Sub-Saharan Africa","Nouakchott",-15.9824,18.2367,"Lower middle income","IDA","2026-10-03",5008.60806518774,61.044,29.4309732761325,7.669
"Mauritius","MU","MUS",2024,NA,"2026-07-13",27844.8956114831,73.7890243902439,"Sub-Saharan Africa","Port Louis",57.4977,-20.1605,"Upper middle income","IBRD","2026-10-03",13373.655799097,71.6634146341463,108.207060431174,2.12560975609759
"Mexico","MX","MEX",2024,NA,"2026-07-13",21970.3520412926,75.264,"Latin America & Caribbean","Mexico City",-99.1276,19.427,"Upper middle income","IBRD","2026-10-03",20470.4937669158,72.562,7.32692768164125,2.702
"Micronesia, Fed. Sts.","FM","FSM",2024,NA,"2026-07-13",3911.26631940407,67.357,"East Asia & Pacific","Palikir",158.185,6.91771,"Upper middle income","IDA","2026-10-03",3563.89180484484,64.317,9.74705556681044,3.04000000000001
"Moldova","MD","MDA",2024,NA,"2026-07-13",16393.8633257184,71.332,"Europe & Central Asia","Chisinau",28.8497,47.0167,"Upper middle income","IBRD","2026-10-03",5727.07922525352,67.462,186.251729388163,3.86999999999999
"Mongolia","MN","MNG",2024,NA,"2026-07-13",16842.6505873797,72.3980487804878,"East Asia & Pacific","Ulaanbaatar",106.937,47.9129,"Upper middle income","IBRD","2026-10-03",5818.24307842901,63.2104878048781,189.480009005182,9.1875609756097
"Montenegro","ME","MNE",2024,NA,"2026-07-13",28105.5927726624,77.890243902439,"Europe & Central Asia","Podgorica",19.2595,42.4602,"Upper middle income","IBRD","2026-10-03",14452.2161423496,73.3968048780488,94.4725466034517,4.4934390243902
"Morocco","MA","MAR",2024,NA,"2026-07-13",9162.7470703125,75.493,"Middle East, North Africa, Afghanistan & Pakistan","Rabat",-6.8704,33.9905,"Lower middle income","IBRD","2026-10-03",5100.11572265625,66.794,79.6576307005901,8.699
"Mozambique","MZ","MOZ",2024,NA,"2026-07-13",1500.70758504856,63.797,"Sub-Saharan Africa","Maputo",32.5713,-25.9664,"Low income","IDA","2026-10-03",711.976393527396,49.476,110.780525687586,14.321
"Myanmar","MM","MMR",2024,NA,"2026-07-13",5276.29433987853,67.095,"East Asia & Pacific","Naypyidaw",95.9562,21.914,"Lower middle income","IDA","2026-10-03",1359.93038778036,60.357,287.98267817887,6.738
"Namibia",NA,"NAM",2024,NA,"2026-07-13",10276.3686426386,67.516,"Sub-Saharan Africa","Windhoek",17.0931,-22.5648,"Lower middle income","IBRD","2026-10-03",7858.38789521253,52.946,30.7694247174939,14.57
"Naoero","NR","NRU",2024,NA,"2026-07-13",11957.8785504229,62.279,"East Asia & Pacific","Yaren District",166.920867,-0.5477,"High income","IBRD","2026-10-03",8846.08124781221,59.574,35.177127763554,2.70500000000001
"Nepal","NP","NPL",2024,NA,"2026-07-13",5047.42449022702,70.636,"South Asia","Kathmandu",85.3157,27.6939,"Lower middle income","IDA","2026-10-03",2340.81563141298,62.642,115.626742341098,7.99399999999999
"Netherlands","NL","NLD",2024,NA,"2026-07-13",70493.9051219267,81.9658536585366,"Europe & Central Asia","Amsterdam",4.89095,52.3738,"High income","Not classified","2026-10-03",56016.8327946434,77.9878048780488,25.8441464913876,3.9780487804878
"New Zealand","NZ","NZL",2024,NA,"2026-07-13",48325.3650985684,82.009756097561,"East Asia & Pacific","Wellington",174.776,-41.2865,"High income","Not classified","2026-10-03",35984.6288016116,78.6365853658537,34.2944660204585,3.37317073170729
"Nicaragua","NI","NIC",2024,NA,"2026-07-13",7661.09410113202,75.1,"Latin America & Caribbean","Managua",-86.2734,12.1475,"Lower middle income","IDA","2026-10-03",4878.2474679883,66.36,57.0460324410585,8.73999999999999
"Niger","NE","NER",2024,NA,"2026-07-13",1795.65266888022,61.433,"Sub-Saharan Africa","Niamey",2.1073,13.514,"Low income","IDA","2026-10-03",1197.63477205432,49.172,49.9332443229008,12.261
"Nigeria","NG","NGA",2024,NA,"2026-07-13",7994.03754470824,54.635,"Sub-Saharan Africa","Abuja",7.48906,9.05804,"Lower middle income","Blend","2026-10-03",4889.00321921229,47.143,63.5105805063517,7.492
"North Macedonia","MK","MKD",2024,NA,"2026-07-13",24203.1855800189,76.6165853658537,"Europe & Central Asia","Skopje",21.4361,42.0024,"Upper middle income","IBRD","2026-10-03",11988.2448826829,72.9463414634147,101.890984183853,3.670243902439
"Norway","NO","NOR",2024,NA,"2026-07-13",94803.6704931641,83.1609756097561,"Europe & Central Asia","Oslo",10.7387,59.9138,"High income","Not classified","2026-10-03",76775.9420600924,78.6341463414634,23.4809602452829,4.52682926829269
"Oman","OM","OMN",2024,NA,"2026-07-13",36721.0804548374,80.246,"Middle East, North Africa, Afghanistan & Pakistan","Muscat",58.5874,23.6105,"High income","Not classified","2026-10-03",42086.0431536301,73.643,-12.7476053740869,6.60299999999999
"Pakistan","PK","PAK",2024,NA,"2026-07-13",5502.0736120186,67.799,"Middle East, North Africa, Afghanistan & Pakistan","Islamabad",72.8,30.5167,"Lower middle income","Blend","2026-10-03",3531.71291531612,61.903,55.7905114019188,5.89600000000001
"Palau","PW","PLW",2024,NA,"2026-07-13",18499.9921921281,69.383,"East Asia & Pacific","Koror",134.479,7.34194,"High income","IBRD","2026-10-03",15410.1740281683,64.499,20.0505079197153,4.884
"Panama","PA","PAN",2024,NA,"2026-07-13",36394.9235366316,79.775,"Latin America & Caribbean","Panama City",-79.5188,8.99427,"High income","IBRD","2026-10-03",14572.9808700068,73.443,149.742477954784,6.33200000000001
"Papua New Guinea","PG","PNG",2024,NA,"2026-07-13",4292.71205430013,66.256,"East Asia & Pacific","Port Moresby",147.194,-9.47357,"Lower middle income","Blend","2026-10-03",3327.22485837041,61.609,29.0177922150591,4.647
"Paraguay","PY","PRY",2024,NA,"2026-07-13",16367.4940166481,73.982,"Latin America & Caribbean","Asuncion",-57.6362,-25.3005,"Upper middle income","IBRD","2026-10-03",9997.3297251405,70.026,63.7186575480091,3.956
"Peru","PE","PER",2024,NA,"2026-07-13",15708.8329440963,77.941,"Latin America & Caribbean","Lima",-77.0465,-12.0931,"Upper middle income","IBRD","2026-10-03",7668.06078201131,69.821,104.860568932213,8.12
"Philippines","PH","PHL",2024,NA,"2026-07-13",10378.1717703535,69.946,"East Asia & Pacific","Manila",121.035,14.5515,"Upper middle income","IBRD","2026-10-03",4740.43891694569,67.789,118.928499073252,2.157
"Poland","PL","POL",2024,NA,"2026-07-13",45153.0439773281,78.409756097561,"Europe & Central Asia","Warsaw",21.02,52.26,"High income","IBRD","2026-10-03",18566.3546288772,73.7487804878049,143.198220005446,4.66097560975611
"Portugal","PT","PRT",2024,NA,"2026-07-13",42228.1580446502,82.3829268292683,"Europe & Central Asia","Lisbon",-9.13552,38.7072,"High income","Not classified","2026-10-03",35069.8275705133,76.3146341463415,20.4116500423162,6.0682926829268
"Puerto Rico (US)","PR","PRI",2024,NA,"2026-07-13",44216.4333367133,81.902,"Latin America & Caribbean","San Juan",-66,18.23,"High income","Not classified","2026-10-03",37298.5450447133,75.514,18.5473408780607,6.38800000000001
"Qatar","QA","QAT",2024,NA,"2026-07-13",111314.250355891,82.522,"Middle East, North Africa, Afghanistan & Pakistan","Doha",51.5082,25.2948,"High income","Not classified","2026-10-03",98028.5232918526,75.25,13.5529197195839,7.27200000000001
"Romania","RO","ROU",2024,NA,"2026-07-13",40503.8323253789,76.4585365853659,"Europe & Central Asia","Bucharest",26.0979,44.4479,"High income","IBRD","2026-10-03",14853.6063681531,71.1634146341463,172.686856790693,5.2951219512196
"Russian Federation","RU","RUS",2024,NA,"2026-07-13",41891.171875,73.4404878048781,"Europe & Central Asia","Moscow",37.6176,55.7558,"High income","IBRD","2026-10-03",20104.75,65.4836585365854,108.364550044144,7.95682926829271
"Rwanda","RW","RWA",2024,NA,"2026-07-13",3325.00769683815,68.017,"Sub-Saharan Africa","Kigali",30.0587,-1.95325,"Low income","IDA","2026-10-03",1055.35042339776,47.798,215.061956969051,20.219
"Samoa","WS","WSM",2024,NA,"2026-07-13",7687.23425552485,71.826,"East Asia & Pacific","Apia",-171.752,-13.8314,"Upper middle income","IDA","2026-10-03",4639.18880250252,70.791,65.7021212712473,1.035
"Sao Tome and Principe","ST","STP",2024,NA,"2026-07-13",5511.87785469752,69.905,"Sub-Saharan Africa","Sao Tome",6.6071,0.20618,"Lower middle income","IDA","2026-10-03",3852.89042721453,61.207,43.0582561020912,8.698
"Saudi Arabia","SA","SAU",2024,NA,"2026-07-13",63194.4332528832,78.982,"Middle East, North Africa, Afghanistan & Pakistan","Riyadh",46.6977,24.6748,"High income","Not classified","2026-10-03",55962.2661342789,72.607,12.9232921005219,6.375
"Senegal","SN","SEN",2024,NA,"2026-07-13",4477.81736836258,68.924,"Sub-Saharan Africa","Dakar",-17.4734,14.7247,"Lower middle income","IDA","2026-10-03",3093.28791603382,57.615,44.7591523941938,11.309
"Serbia","RS","SRB",2024,NA,"2026-07-13",26900.7415340646,75.9682926829268,"Europe & Central Asia","Belgrade",20.4656,44.8024,"Upper middle income","IBRD","2026-10-03",11105.9488237331,71.5829268292683,142.219210272052,4.3853658536585
"Seychelles","SC","SYC",2024,NA,"2026-07-13",29288.019181519,76.2951219512195,"Sub-Saharan Africa","Victoria",55.4466,-4.6309,"High income","IBRD","2026-10-03",20633.6746950761,72.7780487804878,41.9428173330082,3.51707317073171
"Sierra Leone","SL","SLE",2024,NA,"2026-07-13",3098.76290446676,61.964,"Sub-Saharan Africa","Freetown",-13.2134,8.4821,"Low income","IDA","2026-10-03",1981.5060863596,44.834,56.3842233843334,17.13
"Singapore","SG","SGP",2024,NA,"2026-07-13",134548.764138482,83.3463414634146,"East Asia & Pacific","Singapore",103.85,1.28941,"High income","Not classified","2026-10-03",68904.1280154511,77.9512195121951,95.2695259539612,5.39512195121951
"Slovak Republic","SK","SVK",2024,NA,"2026-07-13",40302.4514288424,78.3707317073171,"Europe & Central Asia","Bratislava",17.1073,48.1484,"High income","Not classified","2026-10-03",18335.6834506937,73.0512195121951,119.803377044653,5.319512195122
"Slovenia","SI","SVN",2024,NA,"2026-07-13",48658.0265180267,82.2853658536585,"Europe & Central Asia","Ljubljana",14.5044,46.0546,"High income","Not classified","2026-10-03",30061.2061910089,75.4121951219512,61.863187421202,6.8731707317073
"Solomon Islands","SB","SLB",2024,NA,"2026-07-13",2353.54960111186,70.694,"East Asia & Pacific","Honiara",159.949,-9.42676,"Lower middle income","IDA","2026-10-03",2277.11363831224,67.116,3.35670392173635,3.578
"Somalia, Fed. Rep.","SO","SOM",2024,NA,"2026-07-13",1409.33492233283,58.967,"Sub-Saharan Africa","Mogadishu",45.3254,2.07515,"Low income","IDA","2026-10-03",702.850071117661,50.747,100.517148713057,8.22
"South Africa","ZA","ZAF",2024,NA,"2026-07-13",13597.6538495998,66.312,"Sub-Saharan Africa","Pretoria",28.1871,-25.746,"Upper middle income","IBRD","2026-10-03",11183.825503143,58.368,21.5832082303004,7.944
"Spain","ES","ESP",2024,NA,"2026-07-13",48460.2914069661,83.8878048780488,"Europe & Central Asia","Madrid",-3.70327,40.4167,"High income","Not classified","2026-10-03",39945.8971298178,78.9658536585366,21.3148155102835,4.9219512195122
"Sri Lanka","LK","LKA",2024,NA,"2026-07-13",13793.0669827677,77.672,"South Asia","Colombo",79.8528,6.92148,"Upper middle income","IDA","2026-10-03",6428.61341889128,71.179,114.55741827989,6.49299999999999
"St. Kitts and Nevis","KN","KNA",2024,NA,"2026-07-13",30656.4410109367,72.281,"Latin America & Caribbean","Basseterre",-62.7309,17.3,"High income","IBRD","2026-10-03",19840.5800645267,69.249,54.5138343296114,3.03200000000001
"St. Lucia","LC","LCA",2024,NA,"2026-07-13",24699.9694711589,72.846,"Latin America & Caribbean","Castries",-60.9832,14,"Upper middle income","Blend","2026-10-03",18638.117705755,70.779,32.5239482929767,2.06700000000001
"St. Vincent and the Grenadines","VC","VCT",2024,NA,"2026-07-13",18714.198849353,71.382,"Latin America & Caribbean","Kingstown",-61.2653,13.2035,"Upper middle income","Blend","2026-10-03",9999.05879203685,70.35,87.1596041045063,1.03200000000001
"Sudan","SD","SDN",2024,NA,"2026-07-13",1861.39794921875,66.521,"Sub-Saharan Africa","Khartoum",32.5363,15.5932,"Low income","IDA","2026-10-03",3575.85205078125,58.946,-47.9453309928728,7.575
"Suriname","SR","SUR",2024,NA,"2026-07-13",19179.101839106,73.757,"Latin America & Caribbean","Paramaribo",-55.1679,5.8232,"Upper middle income","Blend","2026-10-03",16220.1790603262,64.409,18.2422325165151,9.348
"Sweden","SE","SWE",2024,NA,"2026-07-13",62558.4065876041,84.0634146341463,"Europe & Central Asia","Stockholm",18.0645,59.3327,"High income","Not classified","2026-10-03",47868.5077292571,79.6439024390244,30.6880234107832,4.4195121951219
"Switzerland","CH","CHE",2024,NA,"2026-07-13",85448.0585577007,84.4073170731707,"Europe & Central Asia","Bern",7.44821,46.948,"High income","Not classified","2026-10-03",68834.8179906591,79.6804878048781,24.1349378875325,4.7268292682926
"Tajikistan","TJ","TJK",2024,NA,"2026-07-13",4755.93296704719,71.927,"Europe & Central Asia","Dushanbe",68.7864,38.5878,"Lower middle income","IDA","2026-10-03",1365.23327447129,63.542,248.360463810773,8.38500000000001
"Tanzania","TZ","TZA",2024,NA,"2026-07-13",3713.26293945313,67.212,"Sub-Saharan Africa","Dodoma",35.7382,-6.17486,"Lower middle income","IDA","2026-10-03",1839.93664550781,53.244,101.81471729035,13.968
"Thailand","TH","THA",2024,NA,"2026-07-13",21882.2142474833,76.564,"East Asia & Pacific","Bangkok",100.521,13.7308,"Upper middle income","IBRD","2026-10-03",11623.7874580461,71.205,88.2537368001874,5.35899999999999
"Timor-Leste","TL","TLS",2024,NA,"2026-07-13",3890.95754653453,67.904,"East Asia & Pacific","Dili",125.567,-8.56667,"Lower middle income","Blend","2026-10-03",3783.78329545739,58.097,2.83246271544695,9.807
"Togo","TG","TGO",2024,NA,"2026-07-13",3351.24993111939,62.935,"Sub-Saharan Africa","Lome",1.2255,6.1228,"Lower middle income","IDA","2026-10-03",2321.9504188468,54.587,44.3290909193398,8.348
"Tonga","TO","TON",2024,NA,"2026-07-13",7180.98743332878,73.07,"East Asia & Pacific","Nuku'alofa",-175.216,-21.136,"Upper middle income","IDA","2026-10-03",5809.00929738723,69.635,23.6181087979776,3.43499999999999
"Trinidad and Tobago","TT","TTO",2024,NA,"2026-07-13",31960.1568888983,73.617,"Latin America & Caribbean","Port-of-Spain",-61.4789,10.6596,"High income","IBRD","2026-10-03",19637.5545410721,68.629,62.7501877693242,4.988
"Tunisia","TN","TUN",2024,NA,"2026-07-13",12774.9158568021,76.711,"Middle East, North Africa, Afghanistan & Pakistan","Tunis",10.21,36.7899,"Lower middle income","IBRD","2026-10-03",9134.41506327005,72.604,39.8547774358392,4.107
"Turkiye","TR","TUR",2024,NA,"2026-07-13",36154.490436557,77.421,"Europe & Central Asia","Ankara",32.3606,39.7153,"Upper middle income","IBRD","2026-10-03",14856.914625257,71.931,143.351270088702,5.49000000000001
"Turkmenistan","TM","TKM",2024,NA,"2026-07-13",18470.7438450744,70.201,"Europe & Central Asia","Ashgabat",58.3794,37.9509,"Upper middle income","IBRD","2026-10-03",5064.28782418685,64.931,264.725396468558,5.27
"Tuvalu","TV","TUV",2024,NA,"2026-07-13",5592.18723602659,67.259,"East Asia & Pacific","Funafuti",179.089567,-8.6314877,"Upper middle income","IDA","2026-10-03",3893.29676614411,63.536,43.6362951998917,3.723
"Uganda","UG","UGA",2024,NA,"2026-07-13",2879.67009290376,68.487,"Sub-Saharan Africa","Kampala",32.5729,0.314269,"Low income","IDA","2026-10-03",1487.00498853512,49.64,93.6557116557211,18.847
"Ukraine","UA","UKR",2024,NA,"2026-07-13",16371.44140625,74.692,"Europe & Central Asia","Kiev",30.5038,50.4536,"Upper middle income","IBRD","2026-10-03",10364.0625,67.786,57.9635534448967,6.90599999999999
"United Arab Emirates","AE","ARE",2024,NA,"2026-07-13",69701.785835525,83.069,"Middle East, North Africa, Afghanistan & Pakistan","Abu Dhabi",54.3705,24.4764,"High income","Not classified","2026-10-03",95390.8328858321,76.347,-26.9303100446275,6.72200000000001
"United Kingdom","GB","GBR",2024,NA,"2026-07-13",53412.0647163589,81.3868536585366,"Europe & Central Asia","London",-0.126236,51.5002,"High income","Not classified","2026-10-03",43818.3463079443,77.7414634146342,21.8942959211476,3.6453902439024
"United States","US","USA",2024,NA,"2026-07-13",75698.1773354629,78.890243902439,"North America","Washington D.C.",-77.032,38.8895,"High income","Not classified","2026-10-03",55045.6745311559,76.6365853658537,37.518847720937,2.25365853658529
"Uruguay","UY","URY",2024,NA,"2026-07-13",32149.480073986,78.287,"Latin America & Caribbean","Montevideo",-56.0675,-34.8941,"High income","IBRD","2026-10-03",18752.0507121938,74.693,71.4451425468913,3.59400000000001
"Uzbekistan","UZ","UZB",2024,NA,"2026-07-13",10997.1707291644,72.528,"Europe & Central Asia","Tashkent",69.269,41.3052,"Lower middle income","Blend","2026-10-03",3430.88370808896,65.456,220.534639610095,7.072
"Vanuatu","VU","VUT",2024,NA,"2026-07-13",3837.03937446048,71.654,"East Asia & Pacific","Port-Vila",168.321,-17.7404,"Lower middle income","IDA","2026-10-03",3805.62227309353,68.586,0.825544394909472,3.068
"Viet Nam","VN","VNM",2024,NA,"2026-07-13",14396.4217369473,74.736,"East Asia & Pacific","Hanoi",105.825,21.0069,"Upper middle income","IBRD","2026-10-03",4349.22348751462,72.746,231.011312209532,1.99000000000001
"West Bank and Gaza","PS","PSE",2024,NA,"2026-07-13",4190.90911333626,69.213,"Middle East, North Africa, Afghanistan & Pakistan","",NA,NA,"Lower middle income","Not classified","2026-10-03",4520.88992531975,70.298,-7.29902336562974,-1.08500000000001
"Zambia","ZM","ZMB",2024,NA,"2026-07-13",3708.06904295647,66.528,"Sub-Saharan Africa","Lusaka",28.2937,-15.3982,"Lower middle income","IDA","2026-10-03",2220.5653712714,46.577,66.9876100442559,19.951
"Zimbabwe","ZW","ZWE",2024,NA,"2026-07-13",5211.89755587954,63.064,"Sub-Saharan Africa","Harare",31.0672,-17.8312,"Lower middle income","Blend","2026-10-03",6170.36063450551,46.034,-15.5333397089647,17.03
