"country","iso2c","iso3c","year","status","lastupdated","gdp_per_capita","life_expectancy","region","capital","longitude","latitude","income","lending","download_date"
"Afghanistan","AF","AFG",2024,NA,"2026-07-13",1964.45228895456,66.289,"Middle East, North Africa, Afghanistan & Pakistan","Kabul",69.1761,34.5228,"Low income","IDA","2026-10-03"
"Albania","AL","ALB",2024,NA,"2026-07-13",21640.9835773271,79.776,"Europe & Central Asia","Tirane",19.8172,41.3317,"Upper middle income","IBRD","2026-10-03"
"Algeria","DZ","DZA",2024,NA,"2026-07-13",15501.9197003966,76.475,"Middle East, North Africa, Afghanistan & Pakistan","Algiers",3.05097,36.7397,"Upper middle income","IBRD","2026-10-03"
"Andorra","AD","AND",2024,NA,"2026-07-13",66232.7444195598,84.188,"Europe & Central Asia","Andorra la Vella",1.5218,42.5075,"High income","Not classified","2026-10-03"
"Angola","AO","AGO",2024,NA,"2026-07-13",8752.7974709833,64.805,"Sub-Saharan Africa","Luanda",13.242,-8.81155,"Lower middle income","IBRD","2026-10-03"
"Antigua and Barbuda","AG","ATG",2024,NA,"2026-07-13",29298.6474164727,77.766,"Latin America & Caribbean","Saint John's",-61.8456,17.1175,"High income","IBRD","2026-10-03"
"Argentina","AR","ARG",2024,NA,"2026-07-13",26771.9657650571,77.543,"Latin America & Caribbean","Buenos Aires",-58.4173,-34.6118,"Upper middle income","IBRD","2026-10-03"
"Armenia","AM","ARM",2024,NA,"2026-07-13",20078.7848984844,78.319512195122,"Europe & Central Asia","Yerevan",44.509,40.1596,"Upper middle income","IBRD","2026-10-03"
"Aruba","AW","ABW",2024,NA,"2026-07-13",45428.0027283518,76.5,"Latin America & Caribbean","Oranjestad",-70.0167,12.5167,"High income","Not classified","2026-10-03"
"Australia","AU","AUS",2024,NA,"2026-07-13",60309.5831772339,83.0512195121951,"East Asia & Pacific","Canberra",149.129,-35.282,"High income","Not classified","2026-10-03"
"Austria","AT","AUT",2024,NA,"2026-07-13",63787.9891749462,81.9951219512195,"Europe & Central Asia","Vienna",16.3798,48.2201,"High income","Not classified","2026-10-03"
"Azerbaijan","AZ","AZE",2024,NA,"2026-07-13",22090.5298026929,74.576,"Europe & Central Asia","Baku",49.8932,40.3834,"Upper middle income","IBRD","2026-10-03"
"Bahamas, The","BS","BHS",2024,NA,"2026-07-13",36244.0500123244,74.71,"Latin America & Caribbean","Nassau",-77.339,25.0661,"High income","Not classified","2026-10-03"
"Bahrain","BH","BHR",2024,NA,"2026-07-13",59060.1818363183,81.423,"Middle East, North Africa, Afghanistan & Pakistan","Manama",50.5354,26.1921,"High income","Not classified","2026-10-03"
"Bangladesh","BD","BGD",2024,NA,"2026-07-13",8486.78495660517,74.93,"South Asia","Dhaka",90.4113,23.7055,"Lower middle income","IDA","2026-10-03"
"Barbados","BB","BRB",2024,NA,"2026-07-13",21557.5276350385,76.332,"Latin America & Caribbean","Bridgetown",-59.6105,13.0935,"High income","IBRD","2026-10-03"
"Belarus","BY","BLR",2024,NA,"2026-07-13",29135.9465139232,74.3653414634147,"Europe & Central Asia","Minsk",27.5766,53.9678,"Upper middle income","IBRD","2026-10-03"
"Belgium","BE","BEL",2024,NA,"2026-07-13",63311.2766917178,82.3,"Europe & Central Asia","Brussels",4.36761,50.8371,"High income","Not classified","2026-10-03"
"Belize","BZ","BLZ",2024,NA,"2026-07-13",12621.4081961897,73.739,"Latin America & Caribbean","Belmopan",-88.7713,17.2534,"Upper middle income","Blend","2026-10-03"
"Benin","BJ","BEN",2024,NA,"2026-07-13",3901.32588494392,60.961,"Sub-Saharan Africa","Porto-Novo",2.6323,6.4779,"Lower middle income","IDA","2026-10-03"
"Bermuda","BM","BMU",2024,NA,"2026-07-13",104299.944358815,82.49,"North America","Hamilton",-64.706,32.3293,"High income","Not classified","2026-10-03"
"Bhutan","BT","BTN",2024,NA,"2026-07-13",15603.8871298469,73.262,"South Asia","Thimphu",89.6177,27.5768,"Lower middle income","IDA","2026-10-03"
"Bolivia","BO","BOL",2024,NA,"2026-07-13",11329.1518061536,68.739,"Latin America & Caribbean","La Paz",-66.1936,-13.9908,"Lower middle income","IBRD","2026-10-03"
"Bosnia and Herzegovina","BA","BIH",2024,NA,"2026-07-13",20578.4995446816,78.044,"Europe & Central Asia","Sarajevo",18.4214,43.8607,"Upper middle income","IBRD","2026-10-03"
"Botswana","BW","BWA",2024,NA,"2026-07-13",18107.614452913,69.293,"Sub-Saharan Africa","Gaborone",25.9201,-24.6544,"Upper middle income","IBRD","2026-10-03"
"Brazil","BR","BRA",2024,NA,"2026-07-13",19652.365499171,76.023,"Latin America & Caribbean","Brasilia",-47.9292,-15.7801,"Upper middle income","IBRD","2026-10-03"
"Brunei Darussalam","BN","BRN",2024,NA,"2026-07-13",79071.7333801445,75.501,"East Asia & Pacific","Bandar Seri Begawan",114.946,4.94199,"High income","Not classified","2026-10-03"
"Bulgaria","BG","BGR",2024,NA,"2026-07-13",34221.3866940362,75.7609756097561,"Europe & Central Asia","Sofia",23.3238,42.7105,"High income","IBRD","2026-10-03"
"Burkina Faso","BF","BFA",2024,NA,"2026-07-13",2548.50247702504,61.292,"Sub-Saharan Africa","Ouagadougou",-1.53395,12.3605,"Low income","IDA","2026-10-03"
"Burundi","BI","BDI",2024,NA,"2026-07-13",1048.05557098193,63.818,"Sub-Saharan Africa","Bujumbura",29.3639,-3.3784,"Low income","IDA","2026-10-03"
"Cabo Verde","CV","CPV",2024,NA,"2026-07-13",9825.53410093619,76.224,"Sub-Saharan Africa","Praia",-23.5087,14.9218,"Upper middle income","Blend","2026-10-03"
"Cambodia","KH","KHM",2024,NA,"2026-07-13",7011.58146903703,70.817,"East Asia & Pacific","Phnom Penh",104.874,11.5556,"Lower middle income","IDA","2026-10-03"
"Cameroon","CM","CMR",2024,NA,"2026-07-13",4916.93354019494,63.968,"Sub-Saharan Africa","Yaounde",11.5174,3.8721,"Lower middle income","Blend","2026-10-03"
"Canada","CA","CAN",2024,NA,"2026-07-13",57534.0915185335,82.1080487804878,"North America","Ottawa",-75.6919,45.4215,"High income","Not classified","2026-10-03"
"Cayman Islands","KY","CYM",2024,NA,"2026-07-13",80996.6506641666,80.54,"Latin America & Caribbean","George Town",-81.3857,19.3022,"High income","Not classified","2026-10-03"
"Central African Republic","CF","CAF",2024,NA,"2026-07-13",1111.21941638883,57.671,"Sub-Saharan Africa","Bangui",21.6407,5.63056,"Low income","IDA","2026-10-03"
"Chad","TD","TCD",2024,NA,"2026-07-13",2430.73298355271,55.238,"Sub-Saharan Africa","N'Djamena",15.0445,12.1048,"Low income","IDA","2026-10-03"
"Chile","CL","CHL",2024,NA,"2026-07-13",30267.6440919907,81.359,"Latin America & Caribbean","Santiago",-70.6475,-33.475,"High income","IBRD","2026-10-03"
"China","CN","CHN",2024,NA,"2026-07-13",23841.4769141817,78.017,"East Asia & Pacific","Beijing",116.286,40.0495,"Upper middle income","IBRD","2026-10-03"
"Colombia","CO","COL",2024,NA,"2026-07-13",18481.8374929368,77.913,"Latin America & Caribbean","Bogota",-74.082,4.60987,"Upper middle income","IBRD","2026-10-03"
"Comoros","KM","COM",2024,NA,"2026-07-13",3556.0384263801,67.023,"Sub-Saharan Africa","Moroni",43.2418,-11.6986,"Lower middle income","IDA","2026-10-03"
"Congo, Dem. Rep.","CD","COD",2024,NA,"2026-07-13",1601.70926640422,62.074,"Sub-Saharan Africa","Kinshasa",15.3222,-4.325,"Low income","IDA","2026-10-03"
"Congo, Rep.","CG","COG",2024,NA,"2026-07-13",6152.56509118442,66.001,"Sub-Saharan Africa","Brazzaville",15.2662,-4.2767,"Lower middle income","Blend","2026-10-03"
"Costa Rica","CR","CRI",2024,NA,"2026-07-13",27325.0470476503,80.996,"Latin America & Caribbean","San Jose",-84.0089,9.63701,"High income","IBRD","2026-10-03"
"Cote d'Ivoire","CI","CIV",2024,NA,"2026-07-13",6747.0379677706,62.11,"Sub-Saharan Africa","Yamoussoukro",-4.0305,5.332,"Lower middle income","Blend","2026-10-03"
"Croatia","HR","HRV",2024,NA,"2026-07-13",42828.7997273569,78.9292682926829,"Europe & Central Asia","Zagreb",15.9614,45.8069,"High income","IBRD","2026-10-03"
"Curacao","CW","CUW",2024,NA,"2026-07-13",28762.0581566389,76.989,"Latin America & Caribbean","Willemstad",NA,NA,"High income","Not classified","2026-10-03"
"Cyprus","CY","CYP",2024,NA,"2026-07-13",52861.8359375,81.821,"Europe & Central Asia","Nicosia",33.3736,35.1676,"High income","Not classified","2026-10-03"
"Czechia","CZ","CZE",2024,NA,"2026-07-13",47972.53171792,79.9780487804878,"Europe & Central Asia","Prague",14.4205,50.0878,"High income","Not classified","2026-10-03"
"Denmark","DK","DNK",2024,NA,"2026-07-13",71034.5789667138,82.2536585365854,"Europe & Central Asia","Copenhagen",12.5681,55.6763,"High income","Not classified","2026-10-03"
"Djibouti","DJ","DJI",2024,NA,"2026-07-13",6871.12440453129,66.202,"Middle East, North Africa, Afghanistan & Pakistan","Djibouti",43.1425,11.5806,"Lower middle income","IDA","2026-10-03"
"Dominica","DM","DMA",2024,NA,"2026-07-13",18739.3640404986,71.294,"Latin America & Caribbean","Roseau",-61.39,15.2976,"Upper middle income","Blend","2026-10-03"
"Dominican Republic","DO","DOM",2024,NA,"2026-07-13",24229.8894872915,73.868,"Latin America & Caribbean","Santo Domingo",-69.8908,18.479,"Upper middle income","IBRD","2026-10-03"
"Ecuador","EC","ECU",2024,NA,"2026-07-13",13922.4222780744,77.579,"Latin America & Caribbean","Quito",-78.5243,-0.229498,"Upper middle income","IBRD","2026-10-03"
"Egypt, Arab Rep.","EG","EGY",2024,NA,"2026-07-13",16798.151577838,71.806,"Middle East, North Africa, Afghanistan & Pakistan","Cairo",31.2461,30.0982,"Lower middle income","IBRD","2026-10-03"
"El Salvador","SV","SLV",2024,NA,"2026-07-13",11647.0234480127,72.302,"Latin America & Caribbean","San Salvador",-89.2073,13.7034,"Upper middle income","IBRD","2026-10-03"
"Equatorial Guinea","GQ","GNQ",2024,NA,"2026-07-13",14997.7564392976,63.906,"Sub-Saharan Africa","Malabo",8.7741,3.7523,"Upper middle income","IBRD","2026-10-03"
"Estonia","EE","EST",2024,NA,"2026-07-13",41185.8348356109,79.2951219512195,"Europe & Central Asia","Tallinn",24.7586,59.4392,"High income","Not classified","2026-10-03"
"Eswatini","SZ","SWZ",2024,NA,"2026-07-13",10386.2145717572,64.264,"Sub-Saharan Africa","Mbabane",31.4659,-26.5225,"Lower middle income","Blend","2026-10-03"
"Ethiopia","ET","ETH",2024,NA,"2026-07-13",2892.22220162795,67.603,"Sub-Saharan Africa","Addis Ababa",38.7468,9.02274,"Low income","IDA","2026-10-03"
"Faroe Islands","FO","FRO",2024,NA,"2026-07-13",72113.6513885269,83.0832463414634,"Europe & Central Asia","Torshavn",-6.91181,61.8926,"High income","Not classified","2026-10-03"
"Fiji","FJ","FJI",2024,NA,"2026-07-13",13592.4635937435,67.463,"East Asia & Pacific","Suva",178.399,-18.1149,"Upper middle income","Blend","2026-10-03"
"Finland","FI","FIN",2024,NA,"2026-07-13",55901.3202296588,82.3365853658537,"Europe & Central Asia","Helsinki",24.9525,60.1608,"High income","Not classified","2026-10-03"
"France","FR","FRA",2024,NA,"2026-07-13",54799.3482689389,82.9804878048781,"Europe & Central Asia","Paris",2.35097,48.8566,"High income","Not classified","2026-10-03"
"Gabon","GA","GAB",2024,NA,"2026-07-13",18923.6616609778,68.511,"Sub-Saharan Africa","Libreville",9.45162,0.38832,"Upper middle income","IBRD","2026-10-03"
"Gambia, The","GM","GMB",2024,NA,"2026-07-13",3057.6841778633,66.057,"Sub-Saharan Africa","Banjul",-16.5885,13.4495,"Low income","IDA","2026-10-03"
"Georgia","GE","GEO",2024,NA,"2026-07-13",24146.6234108645,74.657,"Europe & Central Asia","Tbilisi",44.793,41.71,"Upper middle income","IBRD","2026-10-03"
"Germany","DE","DEU",2024,NA,"2026-07-13",62654.602264023,80.7926829268293,"Europe & Central Asia","Berlin",13.4115,52.5235,"High income","Not classified","2026-10-03"
"Ghana","GH","GHA",2024,NA,"2026-07-13",7072.79879594445,65.695,"Sub-Saharan Africa","Accra",-0.20795,5.57045,"Lower middle income","IDA","2026-10-03"
"Greece","GR","GRC",2024,NA,"2026-07-13",37474.2798239947,81.8390243902439,"Europe & Central Asia","Athens",23.7166,37.9792,"High income","Not classified","2026-10-03"
"Grenada","GD","GRD",2024,NA,"2026-07-13",17484.5153919556,75.367,"Latin America & Caribbean","Saint George's",-61.7449,12.0653,"Upper middle income","Blend","2026-10-03"
"Guatemala","GT","GTM",2024,NA,"2026-07-13",12643.9841235004,72.746,"Latin America & Caribbean","Guatemala City",-90.5328,14.6248,"Upper middle income","IBRD","2026-10-03"
"Guinea","GN","GIN",2024,NA,"2026-07-13",4016.34191385979,60.904,"Sub-Saharan Africa","Conakry",-13.7,9.51667,"Lower middle income","IDA","2026-10-03"
"Guinea-Bissau","GW","GNB",2024,NA,"2026-07-13",2717.54206972499,64.254,"Sub-Saharan Africa","Bissau",-15.1804,11.8037,"Low income","IDA","2026-10-03"
"Guyana","GY","GUY",2024,NA,"2026-07-13",70516.7027944836,70.319,"Latin America & Caribbean","Georgetown",-58.1548,6.80461,"High income","IDA","2026-10-03"
"Haiti","HT","HTI",2024,NA,"2026-07-13",2783.79140882788,65.119,"Latin America & Caribbean","Port-au-Prince",-72.3288,18.5392,"Lower middle income","IDA","2026-10-03"
"Honduras","HN","HND",2024,NA,"2026-07-13",6590.84384301553,73.044,"Latin America & Caribbean","Tegucigalpa",-87.4667,15.1333,"Lower middle income","IDA","2026-10-03"
"Hong Kong SAR, China","HK","HKG",2024,NA,"2026-07-13",66186.0448635456,85.3926829268293,"East Asia & Pacific","",114.109,22.3964,"High income","Not classified","2026-10-03"
"Hungary","HU","HUN",2024,NA,"2026-07-13",40747.1986679668,76.7243902439025,"Europe & Central Asia","Budapest",19.0408,47.4984,"High income","Not classified","2026-10-03"
"Iceland","IS","ISL",2024,NA,"2026-07-13",68230.356652817,82.809756097561,"Europe & Central Asia","Reykjavik",-21.8952,64.1353,"High income","Not classified","2026-10-03"
"India","IN","IND",2024,NA,"2026-07-13",9416.05137044735,72.235,"South Asia","New Delhi",77.225,28.6353,"Lower middle income","IBRD","2026-10-03"
"Indonesia","ID","IDN",2024,NA,"2026-07-13",14470.7179806578,71.288,"East Asia & Pacific","Jakarta",106.83,-6.19752,"Upper middle income","IBRD","2026-10-03"
"Iran, Islamic Rep.","IR","IRN",2024,NA,"2026-07-13",17484.1320140467,77.854,"Middle East, North Africa, Afghanistan & Pakistan","Tehran",51.4447,35.6878,"Upper middle income","IBRD","2026-10-03"
"Iraq","IQ","IRQ",2024,NA,"2026-07-13",12725.0431260364,72.424,"Middle East, North Africa, Afghanistan & Pakistan","Baghdad",44.394,33.3302,"Upper middle income","IBRD","2026-10-03"
"Ireland","IE","IRL",2024,NA,"2026-07-13",118833.312071751,83.009756097561,"Europe & Central Asia","Dublin",-6.26749,53.3441,"High income","Not classified","2026-10-03"
"Israel","IL","ISR",2024,NA,"2026-07-13",47388.7236682364,83.1975609756098,"Middle East, North Africa, Afghanistan & Pakistan","",35.2035,31.7717,"High income","Not classified","2026-10-03"
"Italy","IT","ITA",2024,NA,"2026-07-13",53284.8745049149,83.9512195121951,"Europe & Central Asia","Rome",12.4823,41.8955,"High income","Not classified","2026-10-03"
"Jamaica","JM","JAM",2024,NA,"2026-07-13",11340.2638800451,71.606,"Latin America & Caribbean","Kingston",-76.792,17.9927,"Upper middle income","IBRD","2026-10-03"
"Japan","JP","JPN",2024,NA,"2026-07-13",47479.8448545667,84.0363414634146,"East Asia & Pacific","Tokyo",139.77,35.67,"High income","Not classified","2026-10-03"
"Jordan","JO","JOR",2024,NA,"2026-07-13",10468.265334284,77.981,"Middle East, North Africa, Afghanistan & Pakistan","Amman",35.9263,31.9497,"Upper middle income","IBRD","2026-10-03"
"Kazakhstan","KZ","KAZ",2024,NA,"2026-07-13",35973.9633287017,74.531,"Europe & Central Asia","Astana",71.4382,51.1879,"Upper middle income","IBRD","2026-10-03"
"Kenya","KE","KEN",2024,NA,"2026-07-13",5841.59866001706,63.834,"Sub-Saharan Africa","Nairobi",36.8126,-1.27975,"Lower middle income","Blend","2026-10-03"
"Kiribati","KI","KIR",2024,NA,"2026-07-13",3275.00186630433,66.6,"East Asia & Pacific","Tarawa",172.979,1.32905,"Lower middle income","IDA","2026-10-03"
"Korea, Rep.","KR","KOR",2024,NA,"2026-07-13",55070.9386194121,83.6292682926829,"East Asia & Pacific","Seoul",126.957,37.5323,"High income","Not classified","2026-10-03"
"Kosovo","XK","XKX",2024,NA,"2026-07-13",15716.2925564586,78.222,"Europe & Central Asia","Pristina",20.926,42.565,"Upper middle income","IDA","2026-10-03"
"Kuwait","KW","KWT",2024,NA,"2026-07-13",46664.2195116056,84.580487804878,"Middle East, North Africa, Afghanistan & Pakistan","Kuwait City",47.9824,29.3721,"High income","Not classified","2026-10-03"
"Kyrgyz Republic","KG","KGZ",2024,NA,"2026-07-13",7210.57669830499,72.4,"Europe & Central Asia","Bishkek",74.6057,42.8851,"Lower middle income","IDA","2026-10-03"
"Lao PDR","LA","LAO",2024,NA,"2026-07-13",8600.3245466568,69.225,"East Asia & Pacific","Vientiane",102.177,18.5826,"Lower middle income","IDA","2026-10-03"
"Latvia","LV","LVA",2024,NA,"2026-07-13",37615.0762450744,76.4292682926829,"Europe & Central Asia","Riga",24.1048,56.9465,"High income","Not classified","2026-10-03"
"Lebanon","LB","LBN",2024,NA,"2026-07-13",10469.2210966932,77.945,"Middle East, North Africa, Afghanistan & Pakistan","Beirut",35.5134,33.8872,"Lower middle income","IBRD","2026-10-03"
"Lesotho","LS","LSO",2024,NA,"2026-07-13",2697.62738436647,57.798,"Sub-Saharan Africa","Maseru",27.7167,-29.5208,"Lower middle income","IDA","2026-10-03"
"Liberia","LR","LBR",2024,NA,"2026-07-13",1646.05861366601,62.324,"Sub-Saharan Africa","Monrovia",-10.7957,6.30039,"Low income","IDA","2026-10-03"
"Libya","LY","LBY",2024,NA,"2026-07-13",12583.8338726816,71.121,"Middle East, North Africa, Afghanistan & Pakistan","Tripoli",13.1072,32.8578,"Upper middle income","IBRD","2026-10-03"
"Lithuania","LT","LTU",2024,NA,"2026-07-13",47462.0039386975,77.1951219512195,"Europe & Central Asia","Vilnius",25.2799,54.6896,"High income","Not classified","2026-10-03"
"Luxembourg","LU","LUX",2024,NA,"2026-07-13",128475.283540415,83.1951219512195,"Europe & Central Asia","Luxembourg",6.1296,49.61,"High income","Not classified","2026-10-03"
"Macao SAR, China","MO","MAC",2024,NA,"2026-07-13",111693.502831434,83.3317073170732,"East Asia & Pacific","",113.55,22.1667,"High income","Not classified","2026-10-03"
"Madagascar","MG","MDG",2024,NA,"2026-07-13",1659.15030770194,63.835,"Sub-Saharan Africa","Antananarivo",45.7167,-20.4667,"Low income","IDA","2026-10-03"
"Malawi","MW","MWI",2024,NA,"2026-07-13",1634.24660266597,67.561,"Sub-Saharan Africa","Lilongwe",33.7703,-13.9899,"Low income","IDA","2026-10-03"
"Malaysia","MY","MYS",2024,NA,"2026-07-13",34116.2317848885,76.821,"East Asia & Pacific","Kuala Lumpur",101.684,3.12433,"Upper middle income","IBRD","2026-10-03"
"Maldives","MV","MDV",2024,NA,"2026-07-13",23034.4098404839,81.285,"South Asia","Male",73.5109,4.1742,"Upper middle income","IDA","2026-10-03"
"Mali","ML","MLI",2024,NA,"2026-07-13",2917.93245883671,60.675,"Sub-Saharan Africa","Bamako",-7.50034,13.5667,"Low income","IDA","2026-10-03"
"Malta","MT","MLT",2024,NA,"2026-07-13",62398.4892388947,82.9560975609756,"Middle East, North Africa, Afghanistan & Pakistan","Valletta",14.5189,35.9042,"High income","Not classified","2026-10-03"
"Marshall Islands","MH","MHL",2024,NA,"2026-07-13",7236.8679376649,67.075,"East Asia & Pacific","Majuro",171.135,7.11046,"Upper middle income","IDA","2026-10-03"
"Mauritania","MR","MRT",2024,NA,"2026-07-13",6482.69016635936,68.713,"Sub-Saharan Africa","Nouakchott",-15.9824,18.2367,"Lower middle income","IDA","2026-10-03"
"Mauritius","MU","MUS",2024,NA,"2026-07-13",27844.8956114831,73.7890243902439,"Sub-Saharan Africa","Port Louis",57.4977,-20.1605,"Upper middle income","IBRD","2026-10-03"
"Mexico","MX","MEX",2024,NA,"2026-07-13",21970.3520412926,75.264,"Latin America & Caribbean","Mexico City",-99.1276,19.427,"Upper middle income","IBRD","2026-10-03"
"Micronesia, Fed. Sts.","FM","FSM",2024,NA,"2026-07-13",3911.26631940407,67.357,"East Asia & Pacific","Palikir",158.185,6.91771,"Upper middle income","IDA","2026-10-03"
"Moldova","MD","MDA",2024,NA,"2026-07-13",16393.8633257184,71.332,"Europe & Central Asia","Chisinau",28.8497,47.0167,"Upper middle income","IBRD","2026-10-03"
"Mongolia","MN","MNG",2024,NA,"2026-07-13",16842.6505873797,72.3980487804878,"East Asia & Pacific","Ulaanbaatar",106.937,47.9129,"Upper middle income","IBRD","2026-10-03"
"Montenegro","ME","MNE",2024,NA,"2026-07-13",28105.5927726624,77.890243902439,"Europe & Central Asia","Podgorica",19.2595,42.4602,"Upper middle income","IBRD","2026-10-03"
"Morocco","MA","MAR",2024,NA,"2026-07-13",9162.7470703125,75.493,"Middle East, North Africa, Afghanistan & Pakistan","Rabat",-6.8704,33.9905,"Lower middle income","IBRD","2026-10-03"
"Mozambique","MZ","MOZ",2024,NA,"2026-07-13",1500.70758504856,63.797,"Sub-Saharan Africa","Maputo",32.5713,-25.9664,"Low income","IDA","2026-10-03"
"Myanmar","MM","MMR",2024,NA,"2026-07-13",5276.29433987853,67.095,"East Asia & Pacific","Naypyidaw",95.9562,21.914,"Lower middle income","IDA","2026-10-03"
"Namibia",NA,"NAM",2024,NA,"2026-07-13",10276.3686426386,67.516,"Sub-Saharan Africa","Windhoek",17.0931,-22.5648,"Lower middle income","IBRD","2026-10-03"
"Naoero","NR","NRU",2024,NA,"2026-07-13",11957.8785504229,62.279,"East Asia & Pacific","Yaren District",166.920867,-0.5477,"High income","IBRD","2026-10-03"
"Nepal","NP","NPL",2024,NA,"2026-07-13",5047.42449022702,70.636,"South Asia","Kathmandu",85.3157,27.6939,"Lower middle income","IDA","2026-10-03"
"Netherlands","NL","NLD",2024,NA,"2026-07-13",70493.9051219267,81.9658536585366,"Europe & Central Asia","Amsterdam",4.89095,52.3738,"High income","Not classified","2026-10-03"
"New Zealand","NZ","NZL",2024,NA,"2026-07-13",48325.3650985684,82.009756097561,"East Asia & Pacific","Wellington",174.776,-41.2865,"High income","Not classified","2026-10-03"
"Nicaragua","NI","NIC",2024,NA,"2026-07-13",7661.09410113202,75.1,"Latin America & Caribbean","Managua",-86.2734,12.1475,"Lower middle income","IDA","2026-10-03"
"Niger","NE","NER",2024,NA,"2026-07-13",1795.65266888022,61.433,"Sub-Saharan Africa","Niamey",2.1073,13.514,"Low income","IDA","2026-10-03"
"Nigeria","NG","NGA",2024,NA,"2026-07-13",7994.03754470824,54.635,"Sub-Saharan Africa","Abuja",7.48906,9.05804,"Lower middle income","Blend","2026-10-03"
"North Macedonia","MK","MKD",2024,NA,"2026-07-13",24203.1855800189,76.6165853658537,"Europe & Central Asia","Skopje",21.4361,42.0024,"Upper middle income","IBRD","2026-10-03"
"Norway","NO","NOR",2024,NA,"2026-07-13",94803.6704931641,83.1609756097561,"Europe & Central Asia","Oslo",10.7387,59.9138,"High income","Not classified","2026-10-03"
"Oman","OM","OMN",2024,NA,"2026-07-13",36721.0804548374,80.246,"Middle East, North Africa, Afghanistan & Pakistan","Muscat",58.5874,23.6105,"High income","Not classified","2026-10-03"
"Pakistan","PK","PAK",2024,NA,"2026-07-13",5502.0736120186,67.799,"Middle East, North Africa, Afghanistan & Pakistan","Islamabad",72.8,30.5167,"Lower middle income","Blend","2026-10-03"
"Palau","PW","PLW",2024,NA,"2026-07-13",18499.9921921281,69.383,"East Asia & Pacific","Koror",134.479,7.34194,"High income","IBRD","2026-10-03"
"Panama","PA","PAN",2024,NA,"2026-07-13",36394.9235366316,79.775,"Latin America & Caribbean","Panama City",-79.5188,8.99427,"High income","IBRD","2026-10-03"
"Papua New Guinea","PG","PNG",2024,NA,"2026-07-13",4292.71205430013,66.256,"East Asia & Pacific","Port Moresby",147.194,-9.47357,"Lower middle income","Blend","2026-10-03"
"Paraguay","PY","PRY",2024,NA,"2026-07-13",16367.4940166481,73.982,"Latin America & Caribbean","Asuncion",-57.6362,-25.3005,"Upper middle income","IBRD","2026-10-03"
"Peru","PE","PER",2024,NA,"2026-07-13",15708.8329440963,77.941,"Latin America & Caribbean","Lima",-77.0465,-12.0931,"Upper middle income","IBRD","2026-10-03"
"Philippines","PH","PHL",2024,NA,"2026-07-13",10378.1717703535,69.946,"East Asia & Pacific","Manila",121.035,14.5515,"Upper middle income","IBRD","2026-10-03"
"Poland","PL","POL",2024,NA,"2026-07-13",45153.0439773281,78.409756097561,"Europe & Central Asia","Warsaw",21.02,52.26,"High income","IBRD","2026-10-03"
"Portugal","PT","PRT",2024,NA,"2026-07-13",42228.1580446502,82.3829268292683,"Europe & Central Asia","Lisbon",-9.13552,38.7072,"High income","Not classified","2026-10-03"
"Puerto Rico (US)","PR","PRI",2024,NA,"2026-07-13",44216.4333367133,81.902,"Latin America & Caribbean","San Juan",-66,18.23,"High income","Not classified","2026-10-03"
"Qatar","QA","QAT",2024,NA,"2026-07-13",111314.250355891,82.522,"Middle East, North Africa, Afghanistan & Pakistan","Doha",51.5082,25.2948,"High income","Not classified","2026-10-03"
"Romania","RO","ROU",2024,NA,"2026-07-13",40503.8323253789,76.4585365853659,"Europe & Central Asia","Bucharest",26.0979,44.4479,"High income","IBRD","2026-10-03"
"Russian Federation","RU","RUS",2024,NA,"2026-07-13",41891.171875,73.4404878048781,"Europe & Central Asia","Moscow",37.6176,55.7558,"High income","IBRD","2026-10-03"
"Rwanda","RW","RWA",2024,NA,"2026-07-13",3325.00769683815,68.017,"Sub-Saharan Africa","Kigali",30.0587,-1.95325,"Low income","IDA","2026-10-03"
"Samoa","WS","WSM",2024,NA,"2026-07-13",7687.23425552485,71.826,"East Asia & Pacific","Apia",-171.752,-13.8314,"Upper middle income","IDA","2026-10-03"
"Sao Tome and Principe","ST","STP",2024,NA,"2026-07-13",5511.87785469752,69.905,"Sub-Saharan Africa","Sao Tome",6.6071,0.20618,"Lower middle income","IDA","2026-10-03"
"Saudi Arabia","SA","SAU",2024,NA,"2026-07-13",63194.4332528832,78.982,"Middle East, North Africa, Afghanistan & Pakistan","Riyadh",46.6977,24.6748,"High income","Not classified","2026-10-03"
"Senegal","SN","SEN",2024,NA,"2026-07-13",4477.81736836258,68.924,"Sub-Saharan Africa","Dakar",-17.4734,14.7247,"Lower middle income","IDA","2026-10-03"
"Serbia","RS","SRB",2024,NA,"2026-07-13",26900.7415340646,75.9682926829268,"Europe & Central Asia","Belgrade",20.4656,44.8024,"Upper middle income","IBRD","2026-10-03"
"Seychelles","SC","SYC",2024,NA,"2026-07-13",29288.019181519,76.2951219512195,"Sub-Saharan Africa","Victoria",55.4466,-4.6309,"High income","IBRD","2026-10-03"
"Sierra Leone","SL","SLE",2024,NA,"2026-07-13",3098.76290446676,61.964,"Sub-Saharan Africa","Freetown",-13.2134,8.4821,"Low income","IDA","2026-10-03"
"Singapore","SG","SGP",2024,NA,"2026-07-13",134548.764138482,83.3463414634146,"East Asia & Pacific","Singapore",103.85,1.28941,"High income","Not classified","2026-10-03"
"Sint Maarten (Dutch part)","SX","SXM",2024,NA,"2026-07-13",47303.1946453277,76.528,"Latin America & Caribbean","Philipsburg",NA,NA,"High income","Not classified","2026-10-03"
"Slovak Republic","SK","SVK",2024,NA,"2026-07-13",40302.4514288424,78.3707317073171,"Europe & Central Asia","Bratislava",17.1073,48.1484,"High income","Not classified","2026-10-03"
"Slovenia","SI","SVN",2024,NA,"2026-07-13",48658.0265180267,82.2853658536585,"Europe & Central Asia","Ljubljana",14.5044,46.0546,"High income","Not classified","2026-10-03"
"Solomon Islands","SB","SLB",2024,NA,"2026-07-13",2353.54960111186,70.694,"East Asia & Pacific","Honiara",159.949,-9.42676,"Lower middle income","IDA","2026-10-03"
"Somalia, Fed. Rep.","SO","SOM",2024,NA,"2026-07-13",1409.33492233283,58.967,"Sub-Saharan Africa","Mogadishu",45.3254,2.07515,"Low income","IDA","2026-10-03"
"South Africa","ZA","ZAF",2024,NA,"2026-07-13",13597.6538495998,66.312,"Sub-Saharan Africa","Pretoria",28.1871,-25.746,"Upper middle income","IBRD","2026-10-03"
"Spain","ES","ESP",2024,NA,"2026-07-13",48460.2914069661,83.8878048780488,"Europe & Central Asia","Madrid",-3.70327,40.4167,"High income","Not classified","2026-10-03"
"Sri Lanka","LK","LKA",2024,NA,"2026-07-13",13793.0669827677,77.672,"South Asia","Colombo",79.8528,6.92148,"Upper middle income","IDA","2026-10-03"
"St. Kitts and Nevis","KN","KNA",2024,NA,"2026-07-13",30656.4410109367,72.281,"Latin America & Caribbean","Basseterre",-62.7309,17.3,"High income","IBRD","2026-10-03"
"St. Lucia","LC","LCA",2024,NA,"2026-07-13",24699.9694711589,72.846,"Latin America & Caribbean","Castries",-60.9832,14,"Upper middle income","Blend","2026-10-03"
"St. Vincent and the Grenadines","VC","VCT",2024,NA,"2026-07-13",18714.198849353,71.382,"Latin America & Caribbean","Kingstown",-61.2653,13.2035,"Upper middle income","Blend","2026-10-03"
"Sudan","SD","SDN",2024,NA,"2026-07-13",1861.39794921875,66.521,"Sub-Saharan Africa","Khartoum",32.5363,15.5932,"Low income","IDA","2026-10-03"
"Suriname","SR","SUR",2024,NA,"2026-07-13",19179.101839106,73.757,"Latin America & Caribbean","Paramaribo",-55.1679,5.8232,"Upper middle income","Blend","2026-10-03"
"Sweden","SE","SWE",2024,NA,"2026-07-13",62558.4065876041,84.0634146341463,"Europe & Central Asia","Stockholm",18.0645,59.3327,"High income","Not classified","2026-10-03"
"Switzerland","CH","CHE",2024,NA,"2026-07-13",85448.0585577007,84.4073170731707,"Europe & Central Asia","Bern",7.44821,46.948,"High income","Not classified","2026-10-03"
"Tajikistan","TJ","TJK",2024,NA,"2026-07-13",4755.93296704719,71.927,"Europe & Central Asia","Dushanbe",68.7864,38.5878,"Lower middle income","IDA","2026-10-03"
"Tanzania","TZ","TZA",2024,NA,"2026-07-13",3713.26293945313,67.212,"Sub-Saharan Africa","Dodoma",35.7382,-6.17486,"Lower middle income","IDA","2026-10-03"
"Thailand","TH","THA",2024,NA,"2026-07-13",21882.2142474833,76.564,"East Asia & Pacific","Bangkok",100.521,13.7308,"Upper middle income","IBRD","2026-10-03"
"Timor-Leste","TL","TLS",2024,NA,"2026-07-13",3890.95754653453,67.904,"East Asia & Pacific","Dili",125.567,-8.56667,"Lower middle income","Blend","2026-10-03"
"Togo","TG","TGO",2024,NA,"2026-07-13",3351.24993111939,62.935,"Sub-Saharan Africa","Lome",1.2255,6.1228,"Lower middle income","IDA","2026-10-03"
"Tonga","TO","TON",2024,NA,"2026-07-13",7180.98743332878,73.07,"East Asia & Pacific","Nuku'alofa",-175.216,-21.136,"Upper middle income","IDA","2026-10-03"
"Trinidad and Tobago","TT","TTO",2024,NA,"2026-07-13",31960.1568888983,73.617,"Latin America & Caribbean","Port-of-Spain",-61.4789,10.6596,"High income","IBRD","2026-10-03"
"Tunisia","TN","TUN",2024,NA,"2026-07-13",12774.9158568021,76.711,"Middle East, North Africa, Afghanistan & Pakistan","Tunis",10.21,36.7899,"Lower middle income","IBRD","2026-10-03"
"Turkiye","TR","TUR",2024,NA,"2026-07-13",36154.490436557,77.421,"Europe & Central Asia","Ankara",32.3606,39.7153,"Upper middle income","IBRD","2026-10-03"
"Turkmenistan","TM","TKM",2024,NA,"2026-07-13",18470.7438450744,70.201,"Europe & Central Asia","Ashgabat",58.3794,37.9509,"Upper middle income","IBRD","2026-10-03"
"Turks and Caicos Islands","TC","TCA",2024,NA,"2026-07-13",33390.5267148059,78.181,"Latin America & Caribbean","Grand Turk",-71.141389,21.4602778,"High income","Not classified","2026-10-03"
"Tuvalu","TV","TUV",2024,NA,"2026-07-13",5592.18723602659,67.259,"East Asia & Pacific","Funafuti",179.089567,-8.6314877,"Upper middle income","IDA","2026-10-03"
"Uganda","UG","UGA",2024,NA,"2026-07-13",2879.67009290376,68.487,"Sub-Saharan Africa","Kampala",32.5729,0.314269,"Low income","IDA","2026-10-03"
"Ukraine","UA","UKR",2024,NA,"2026-07-13",16371.44140625,74.692,"Europe & Central Asia","Kiev",30.5038,50.4536,"Upper middle income","IBRD","2026-10-03"
"United Arab Emirates","AE","ARE",2024,NA,"2026-07-13",69701.785835525,83.069,"Middle East, North Africa, Afghanistan & Pakistan","Abu Dhabi",54.3705,24.4764,"High income","Not classified","2026-10-03"
"United Kingdom","GB","GBR",2024,NA,"2026-07-13",53412.0647163589,81.3868536585366,"Europe & Central Asia","London",-0.126236,51.5002,"High income","Not classified","2026-10-03"
"United States","US","USA",2024,NA,"2026-07-13",75698.1773354629,78.890243902439,"North America","Washington D.C.",-77.032,38.8895,"High income","Not classified","2026-10-03"
"Uruguay","UY","URY",2024,NA,"2026-07-13",32149.480073986,78.287,"Latin America & Caribbean","Montevideo",-56.0675,-34.8941,"High income","IBRD","2026-10-03"
"Uzbekistan","UZ","UZB",2024,NA,"2026-07-13",10997.1707291644,72.528,"Europe & Central Asia","Tashkent",69.269,41.3052,"Lower middle income","Blend","2026-10-03"
"Vanuatu","VU","VUT",2024,NA,"2026-07-13",3837.03937446048,71.654,"East Asia & Pacific","Port-Vila",168.321,-17.7404,"Lower middle income","IDA","2026-10-03"
"Viet Nam","VN","VNM",2024,NA,"2026-07-13",14396.4217369473,74.736,"East Asia & Pacific","Hanoi",105.825,21.0069,"Upper middle income","IBRD","2026-10-03"
"West Bank and Gaza","PS","PSE",2024,NA,"2026-07-13",4190.90911333626,69.213,"Middle East, North Africa, Afghanistan & Pakistan","",NA,NA,"Lower middle income","Not classified","2026-10-03"
"Zambia","ZM","ZMB",2024,NA,"2026-07-13",3708.06904295647,66.528,"Sub-Saharan Africa","Lusaka",28.2937,-15.3982,"Lower middle income","IDA","2026-10-03"
"Zimbabwe","ZW","ZWE",2024,NA,"2026-07-13",5211.89755587954,63.064,"Sub-Saharan Africa","Harare",31.0672,-17.8312,"Lower middle income","Blend","2026-10-03"
