"title","job_id","job_category","posting_date","apply_before","job_schedule","locations","banner","requirements"
"Deli Clerk","W732500","Retail, Store Ops","07/04/2026, 08:00 PM",,"Part time","1001 SOUTH ST, PHILADELPHIA, PA, 19147, US","ACME Markets","· You are 18 years of age or older · You take pride in the work you do, whether big or small · You agree that food is central to all our lives · Helping customers and fellow associates gives you energy · Smiling and making others smile is your favorite · You are eager & willing to learn · Being a part of your community matters"
"Fresh Cut Produce Clerk","753555","Retail, Store Ops","08/15/2026, 02:50 PM",,"Part time","309 S 5TH ST, PHILADELPHIA, PA, 19106, US","ACME Markets","· Food Prep Experience: Prior experience in grocery, food service, or produce prep preferred. · Knife Skills & Safety Awareness: Comfortable using knives and other prep tools with attention to safety and precision. · Freshness Standards: Ability to identify quality produce and follow food safety and handling guidelines. · Customer Service: Friendly and helpful attitude with the ability to assist customers and communicate clearly. · Multitasking & Time Management: Capable of juggling multiple tasks efficiently in a fast-paced environment. · Cleanliness & Organization: Commitment to maintaining a clean, sanitary, and organized workspace. · Physical Capability: Ability to stand for extended periods and lift up to 40 lbs. with or without accommodation. · Teamwork: Willingness to support fellow associates and contribute to a positive store culture."
"Front End Entry Level","753578","Retail, Store Ops","08/15/2026, 02:58 PM",,"Part time","309 S 5TH ST, PHILADELPHIA, PA, 19106, US","ACME Markets","You take pride in the work you do, whether big or small. You believe that food is central to all our lives. Helping customers and fellow associates gives you energy. Smiling and making others smile is your favorite. You are eager, willing, and wanting to learn & grow. You believe that being a part of your community matters."
"Frozen Food Supervisor-Philadelphia, PA","755785","Retail, Store Ops","09/11/2026, 11:22 AM","09/25/2026, 11:55 PM","Full time","309 S 5TH ST, PHILADELPHIA, PA, 19106, US","ACME Markets","* Requires an extensive retail background with prior management experience related to retail operations. Requires a thorough understanding of overall Company practices, policies and procedures. * Requires strong written and oral communication skills, good leadership and interpersonal skills, the proven ability to manage people and the ability to maintain composure in dealing with customers and co-workers. Knowledge of employment laws and workplace practices. Interacts effectively with all levels of personnel. * Strong business and financial knowledge. * Requires the ability to identify needs, problems, and opportunities and to make effective short and long term plans and implement them to maximize sales and gross margins. Requires knowledge of every position in the store. Requires knowledge of basic math and accounting and computer software. Requires knowledge of and compliance with state and federal regulations. Must have extensive working knowledge of profit and loss statements. Must be familiar with emergency plans in the event of a natural disaster, serious accident or uncommon event(s) * While primary duty is the performance of office and non-manual work, must occasionally perform manual work such as setting up and maintaining displays, operating a cash register and assisting in other departments as business needs demand. Must stand and walk for long periods of time. Must occasionally reach, lift, stack and maneuver objects of varying dimensions and weights up to approximately 50 lbs. Must occasionally push and pull fully loaded hand trucks and pallet jacks. Must be able to cover for various positions throughout the store as required. * Mental alertness is required to ensure safe, accurate completion of work activities and to do repetitious work accurately. * May utilize cleaning supplies and safety cutters. * Occasional travel may be required. May be required to work nights, weekends and holidays. Scheduled hours will vary. Regular attendance is required. * Complies with and ensures compliance with Company grooming standards and dress code."
"Retail Sales and Store Support","753573","Retail, Store Ops","08/15/2026, 02:55 PM",,"Part time","309 S 5TH ST, PHILADELPHIA, PA, 19106, US","ACME Markets","You take pride in the work you do, whether big or small. You agree that food is central to all our lives. Helping customers and fellow associates gives you energy. Smiling and making others smile is your favorite. You are eager, willing, and wanting to learn & grow. You believe that being a part of your community matters."
"Deli Clerk","753572","Retail, Store Ops","08/15/2026, 02:53 PM",,"Part time","309 S 5TH ST, PHILADELPHIA, PA, 19106, US","ACME Markets","· You are 18 years of age or older · You take pride in the work you do, whether big or small · You agree that food is central to all our lives · Helping customers and fellow associates gives you energy · Smiling and making others smile is your favorite · You are eager & willing to learn · Being a part of your community matters"
"Night Crew Stocker","753576","Retail, Store Ops","08/15/2026, 02:57 PM",,"Part time","309 S 5TH ST, PHILADELPHIA, PA, 19106, US","ACME Markets","· You are 18 years of age or older. · You agree that food is central in all our lives. · You enjoy being on your feet, in fast paced, always moving type work. · You take pride in the work you do, with every detail, whether big or small. · You don’t mind working in different environments (freezer, refrigerator, sales floor). · Being a part of your community matters."
"In-Store Shopper","W734814","Retail, Store Ops","07/09/2026, 08:00 PM",,"Part time","1400 E PASSYUNK AVE, PHILADELPHIA, PA, 19147, US","ACME Markets","· You take pride in the work you do, whether big or small. · You enjoy a team-based, fast-paced environment. · You agree that food is central to all our lives. · You are flexible to work in varying departments as needed. · Helping customers and fellow associates gives you energy. · Smiling and making others smile is your favorite. · You are eager & willing to learn. · Being a part of your community matters."
"Night Crew Stocker","W738193","Retail, Store Ops","07/19/2026, 08:00 PM",,"Part time","1400 E PASSYUNK AVE, PHILADELPHIA, PA, 19147, US","ACME Markets","· You are 18 years of age or older. · You agree that food is central in all our lives. · You enjoy being on your feet, in fast paced, always moving type work. · You take pride in the work you do, with every detail, whether big or small. · You don’t mind working in different environments (freezer, refrigerator, sales floor). · Being a part of your community matters."
"Beverage Steward","766162","Retail, Store Ops","09/14/2026, 08:12 AM",,"Part time","1400 E PASSYUNK AVE, PHILADELPHIA, PA, 19147, US","ACME Markets","Customer Interaction Skills: Ability to communicate clearly with customers and provide accurate product information Product Knowledge: Basic understanding of wine and beer categories, with interest in learning product characteristics and pairings Communication Skills: Ability to convey product details, pricing, and promotional information clearly Attention to Detail: Ability to maintain accuracy in pricing, labeling, rotation, and presentation standards Organization & Time Management: Ability to prioritize tasks, manage workflow, and maintain an orderly work area Inventory & Stocking Practices: Ability to stock, rotate, and maintain inventory levels to meet demand Vendor & Product Coordination: Ability to communicate with vendors regarding ordering, product availability, and merchandising activities Event & Promotion Awareness: Ability to prepare and execute tasting events, promotions, and sampling activities Adaptability: Ability to adjust to changing priorities and workload in a fast‑paced environment Physical Capability: Ability to lift and move products up to 50lbs, stand for extended periods, and remain active throughout the shift Requirements: Must be 18 years of age or older Availability to work weekends, holidays, and varying shifts Compliance with all alcohol sales regulations and company policies"
"Fresh Cut Produce Clerk","766163","Retail, Store Ops","09/14/2026, 08:17 AM",,"Part time","1400 E PASSYUNK AVE, PHILADELPHIA, PA, 19147, US","ACME Markets","· Food Prep Experience: Prior experience in grocery, food service, or produce prep preferred. · Knife Skills & Safety Awareness: Comfortable using knives and other prep tools with attention to safety and precision. · Freshness Standards: Ability to identify quality produce and follow food safety and handling guidelines. · Customer Service: Friendly and helpful attitude with the ability to assist customers and communicate clearly. · Multitasking & Time Management: Capable of juggling multiple tasks efficiently in a fast-paced environment. · Cleanliness & Organization: Commitment to maintaining a clean, sanitary, and organized workspace. · Physical Capability: Ability to stand for extended periods and lift up to 40 lbs. with or without accommodation. · Teamwork: Willingness to support fellow associates and contribute to a positive store culture."
"Baker","767831","Retail, Store Ops","09/17/2026, 08:33 AM",,"Part time","1400 E PASSYUNK AVE, PHILADELPHIA, PA, 19147, US","ACME Markets","Customer Service Skills: Ability to provide friendly, timely, and helpful service while following up on customer requests and questions Baking & Production Knowledge: Experience preparing breads, pastries, and desserts using recipes, measurements, and baking techniques Attention to Detail: Ability to follow recipes accurately and maintain quality, consistency, and presentation standards Organization & Time Management: Ability to prioritize tasks, follow production schedules, and maintain a clean and orderly workspace Food Safety Awareness: Familiarity with proper food handling, sanitation practices, and safety procedures Team Collaboration: Ability to work independently and with others to drive daily bakery operations Adaptability: Comfort working in a fast‑paced environment with changing production needs Technical & Equipment Use: Ability to safely operate mixers, ovens, and bakery equipment following established guidelines Physical Capability: Ability to stand for extended periods, lift and move items, and work in varying temperature environments (ovens, coolers, freezers) Requirements: Must be 18 years of age or older Prior baking or food production experience preferred Availability to work early mornings, evenings, weekends, and holidays"
"Front End Entry Level","W737518","Retail, Store Ops","07/16/2026, 08:00 PM",,"Part time","1400 E PASSYUNK AVE, PHILADELPHIA, PA, 19147, US","ACME Markets","You take pride in the work you do, whether big or small. You believe that food is central to all our lives. Helping customers and fellow associates gives you energy. Smiling and making others smile is your favorite. You are eager, willing, and wanting to learn & grow. You believe that being a part of your community matters."
"Acme Assistant Store Director-Philadelphia, PA","W738715","Retail, Store Ops","08/21/2026, 04:00 PM",,"Full time","4001 WALNUT ST, PHILADELPHIA, PA, 19104, US","ACME Markets","Minimum of one year of assistant manager experience responsible for managing a department/team within a multi-department operation within the retail or service industry - OR - Two years' experience as a department manager with responsibility for managing a department/team within a multi-department operation within the retail or high-volume service industry High school diploma or equivalent required; college degree is preferred Strong customer service and supervisory skills Perishable inventory management (no exceptions) Solid understanding of overall store operations Proven ability to demonstrate strong leadership skills Will be required to repeatedly use hands, arms, legs, and feet for sustained action (e.g. walking around the store, stocking, rotating product). Ability to stand 100% of the shift and work in a fast-paced environment. Preferred Qualifications: Schedule writing Inventory Ordering Shrink Management 2+ Years experience managing in a food-based industry Union experience Travel: May be required to travel for training or participation in corporate programs and focus groups. Additionally, travel to other stores to assist when necessary, may be required."
"Night Crew Stocker","757784","Retail, Store Ops","09/15/2026, 04:02 PM",,"Part time","4001 WALNUT ST, PHILADELPHIA, PA, 19104, US","ACME Markets","· You are 18 years of age or older. · You agree that food is central in all our lives. · You enjoy being on your feet, in fast paced, always moving type work. · You take pride in the work you do, with every detail, whether big or small. · You don’t mind working in different environments (freezer, refrigerator, sales floor). · Being a part of your community matters."
"In-Store Shopper","757982","Retail, Store Ops","08/26/2026, 01:59 PM","09/25/2026, 01:59 PM","Part time","29 SNYDER AVE, PHILADELPHIA, PA, 19148, US","ACME Markets","· You take pride in the work you do, whether big or small. · You enjoy a team-based, fast-paced environment. · You agree that food is central to all our lives. · You are flexible to work in varying departments as needed. · Helping customers and fellow associates gives you energy. · Smiling and making others smile is your favorite. · You are eager & willing to learn. · Being a part of your community matters."
"Meat - Seafood Clerk","757971","Retail, Store Ops","08/26/2026, 01:51 PM","09/25/2026, 01:51 PM","Part time","29 SNYDER AVE, PHILADELPHIA, PA, 19148, US","ACME Markets","You take pride in the work you do, whether big or small. You agree that food is central to all our lives. Helping customers and fellow associates gives you energy. Smiling and making others smile is your favorite. You are eager, willing, and wanting to learn & grow. You believe that being a part of your community matters."
"Deli Clerk","757978","Retail, Store Ops","08/26/2026, 01:55 PM","09/25/2026, 01:55 PM","Part time","29 SNYDER AVE, PHILADELPHIA, PA, 19148, US","ACME Markets","· You are 18 years of age or older · You take pride in the work you do, whether big or small · You agree that food is central to all our lives · Helping customers and fellow associates gives you energy · Smiling and making others smile is your favorite · You are eager & willing to learn · Being a part of your community matters"
"Starbucks Barista","757992","Retail, Store Ops","08/26/2026, 02:08 PM","09/25/2026, 02:08 PM","Part time","29 SNYDER AVE, PHILADELPHIA, PA, 19148, US","ACME Markets","You agree that food is central in all our lives. Helping customers and fellow associates gives you energy. You take pride in the work you do, whether big or small. You like coffee, tea and/or delectable desserts a latte. You are eager & willing to learn. Being a part of your community matters."
"Fresh Cut Produce Clerk","757997","Retail, Store Ops","08/26/2026, 02:20 PM","09/25/2026, 02:20 PM","Part time","29 SNYDER AVE, PHILADELPHIA, PA, 19148, US","ACME Markets","· Food Prep Experience: Prior experience in grocery, food service, or produce prep preferred. · Knife Skills & Safety Awareness: Comfortable using knives and other prep tools with attention to safety and precision. · Freshness Standards: Ability to identify quality produce and follow food safety and handling guidelines. · Customer Service: Friendly and helpful attitude with the ability to assist customers and communicate clearly. · Multitasking & Time Management: Capable of juggling multiple tasks efficiently in a fast-paced environment. · Cleanliness & Organization: Commitment to maintaining a clean, sanitary, and organized workspace. · Physical Capability: Ability to stand for extended periods and lift up to 40 lbs. with or without accommodation. · Teamwork: Willingness to support fellow associates and contribute to a positive store culture."
"Front End Entry Level","757996","Retail, Store Ops","08/26/2026, 02:13 PM","09/25/2026, 02:13 PM","Part time","29 SNYDER AVE, PHILADELPHIA, PA, 19148, US","ACME Markets","You take pride in the work you do, whether big or small. You believe that food is central to all our lives. Helping customers and fellow associates gives you energy. Smiling and making others smile is your favorite. You are eager, willing, and wanting to learn & grow. You believe that being a part of your community matters."
"Night Crew Stocker","757989","Retail, Store Ops","08/26/2026, 02:04 PM","09/25/2026, 02:04 PM","Part time","29 SNYDER AVE, PHILADELPHIA, PA, 19148, US","ACME Markets","· You are 18 years of age or older. · You agree that food is central in all our lives. · You enjoy being on your feet, in fast paced, always moving type work. · You take pride in the work you do, with every detail, whether big or small. · You don’t mind working in different environments (freezer, refrigerator, sales floor). · Being a part of your community matters."
"Deli Clerk","768747","Retail, Store Ops","09/20/2026, 08:50 AM",,"Part time","1901 JOHNSTON ST, PHILADELPHIA, PA, 19145, US","ACME Markets","Customer Interaction Skills: Clear communication when taking orders in person or by phone Food Preparation Skills: Experience preparing deli products, including slicing, assembling, and portioning Product Knowledge: Understanding of deli meats, cheeses, prepared foods, and hot case items Attention to Detail: Accuracy in portioning, labeling, pricing, and order completion Organization & Time Management: Managing multiple tasks while maintaining workflow and service speed Merchandising Awareness: Keeping display cases stocked, clean, and visually consistent Cash Handling: Processing transactions and making accurate change using register systems (varies by location) Operational Awareness: Following food safety, sanitation, and company procedures Adaptability: Comfort working in a fast‑paced environment with changing customer demand Physical Capability: Comfort with standing for extended periods, lifting product up to 35lbs, and working in varying temperatures Requirements: Must be 18 years of age or older Ability to operate slicers and food preparation equipment following training and safety guidelines Basic math skills for weighing, portioning, and transactions Availability to work early mornings, evenings, weekends, and holidays Prior food service or customer service experience preferred"
"In-Store Shopper","759503","Retail, Store Ops","08/31/2026, 01:40 PM",,"Part time","121 E CITY AVE, BALA CYNWYD, PA, 19004, US","ACME Markets","· You take pride in the work you do, whether big or small. · You enjoy a team-based, fast-paced environment. · You agree that food is central to all our lives. · You are flexible to work in varying departments as needed. · Helping customers and fellow associates gives you energy. · Smiling and making others smile is your favorite. · You are eager & willing to learn. · Being a part of your community matters."
"Dairy Clerk","759516","Retail, Store Ops","08/31/2026, 01:47 PM",,"Part time","121 E CITY AVE, BALA CYNWYD, PA, 19004, US","ACME Markets","· Product Knowledge & Freshness Standards: Familiarity of food safety and freshness protocols, with a focus on maintaining product quality. · Inventory & Stocking Skills: Ability to manage inventory, rotate stock effectively, and ensure shelves are organized and full. · Customer Service: Friendly, helpful attitude with the ability to assist customers and communicate clearly. · Attention to Detail: Strong observational skills to monitor product dates, cleanliness, and display standards. · Physical Stamina: Comfortable working in refrigerated environments and staying active throughout the shift. · Team Collaboration: Willingness to partner with teammates and contribute to a positive store environment. · Basic Technical Skills: Familiarity with handheld inventory devices and basic computer systems for order tracking and receiving."
"Deli Clerk","759654","Retail, Store Ops","08/31/2026, 03:09 PM",,"Part time","121 E CITY AVE, BALA CYNWYD, PA, 19004, US","ACME Markets","· You are 18 years of age or older · You take pride in the work you do, whether big or small · You agree that food is central to all our lives · Helping customers and fellow associates gives you energy · Smiling and making others smile is your favorite · You are eager & willing to learn · Being a part of your community matters"
"Meat - Seafood Clerk","759510","Retail, Store Ops","08/31/2026, 01:44 PM",,"Part time","121 E CITY AVE, BALA CYNWYD, PA, 19004, US","ACME Markets","You take pride in the work you do, whether big or small. You agree that food is central to all our lives. Helping customers and fellow associates gives you energy. Smiling and making others smile is your favorite. You are eager, willing, and wanting to learn & grow. You believe that being a part of your community matters."
"Front End Entry Level","759538","Retail, Store Ops","08/31/2026, 01:58 PM",,"Part time","121 E CITY AVE, BALA CYNWYD, PA, 19004, US","ACME Markets","You take pride in the work you do, whether big or small. You believe that food is central to all our lives. Helping customers and fellow associates gives you energy. Smiling and making others smile is your favorite. You are eager, willing, and wanting to learn & grow. You believe that being a part of your community matters."
"Fresh Cut Produce Clerk","759529","Retail, Store Ops","08/31/2026, 01:54 PM",,"Part time","121 E CITY AVE, BALA CYNWYD, PA, 19004, US","ACME Markets","· Food Prep Experience: Prior experience in grocery, food service, or produce prep preferred. · Knife Skills & Safety Awareness: Comfortable using knives and other prep tools with attention to safety and precision. · Freshness Standards: Ability to identify quality produce and follow food safety and handling guidelines. · Customer Service: Friendly and helpful attitude with the ability to assist customers and communicate clearly. · Multitasking & Time Management: Capable of juggling multiple tasks efficiently in a fast-paced environment. · Cleanliness & Organization: Commitment to maintaining a clean, sanitary, and organized workspace. · Physical Capability: Ability to stand for extended periods and lift up to 40 lbs. with or without accommodation. · Teamwork: Willingness to support fellow associates and contribute to a positive store culture."
"Fresh Cut Produce Clerk","758001","Retail, Store Ops","08/26/2026, 02:23 PM",,"Full time","121 E CITY AVE, BALA CYNWYD, PA, 19004, US","ACME Markets","· Food Prep Experience: Prior experience in grocery, food service, or produce prep preferred. · Knife Skills & Safety Awareness: Comfortable using knives and other prep tools with attention to safety and precision. · Freshness Standards: Ability to identify quality produce and follow food safety and handling guidelines. · Customer Service: Friendly and helpful attitude with the ability to assist customers and communicate clearly. · Multitasking & Time Management: Capable of juggling multiple tasks efficiently in a fast-paced environment. · Cleanliness & Organization: Commitment to maintaining a clean, sanitary, and organized workspace. · Physical Capability: Ability to stand for extended periods and lift up to 40 lbs. with or without accommodation. · Teamwork: Willingness to support fellow associates and contribute to a positive store culture."
"Deli Clerk","765325","Retail, Store Ops","09/11/2026, 09:16 AM","10/11/2026, 09:16 AM","Part time","RT 168 AND NICHOLSON RD, AUDUBON, NJ, 08106, US","ACME Markets","· You are 18 years of age or older · You take pride in the work you do, whether big or small · You agree that food is central to all our lives · Helping customers and fellow associates gives you energy · Smiling and making others smile is your favorite · You are eager & willing to learn · Being a part of your community matters"
"Pharmacy Technician","767314","Pharmacy & Health","09/15/2026, 06:48 PM","10/15/2026, 06:48 PM","Part time","RT 168 AND NICHOLSON RD, AUDUBON, NJ, 08106, US","ACME Markets","Customer Interaction Skills: Professional and courteous communication when assisting patients and handling inquiries Prescription Processing: Experience assisting with data entry, medication preparation, and order processing within regulatory limits Attention to Detail: Accuracy in prescription input, labeling, calculations, and record management Organization & Time Management: Managing multiple tasks while maintaining workflow and compliance standards Pharmacy Knowledge: Familiarity with prescription terminology, dosage forms, and product recognition Communication Skills: Effective verbal and written communication, including phone interactions with patients and providers Regulatory Awareness: Following HIPAA requirements and federal and state pharmacy laws Adaptability: Managing changing priorities and multiple requests in a fast‑paced environment Physical Capability: Comfort with standing for extended periods and completing repetitive tasks throughout the shift Requirements: Must be 16 years of age or older (or 18 years of age or older, depending on location requirements) Current Board of Pharmacy registration or licensure required where applicable Ability to operate computers, registers, and pharmacy systems Successful completion of required pharmacy training programs and technician development requirements Working knowledge of pharmacy procedures, prescription processing, and HIPAA guidelines Proficiency in computer systems and basic math calculations Ability to read, interpret, and follow written and verbal instructions Availability to work varying shifts, including evenings, weekends, and holidays preferred"
"Night Crew Stocker","767868","Retail, Store Ops","09/17/2026, 10:49 AM",,"Part time","5927 RIDGE AVE # 59, PHILADELPHIA, PA, 19128, US","ACME Markets","Customer Interaction Skills: Clear communication when assisting customers on the sales floor Stocking & Merchandising: Placing product accurately on shelves and maintaining display standards Product Knowledge: Familiarity with store layout, product locations, and pricing Attention to Detail: Accuracy in stocking, rotation, labeling, and removing outdated products Organization & Time Management: Managing workload efficiently while maintaining clean, organized areas Equipment Use: Operating pallet jacks, box cutters, and store equipment following safety guidelines Inventory Awareness: Monitoring stock levels and maintaining backroom organization Operational Awareness: Following company policies, safety procedures, and stocking processes Adaptability: Comfort working varied shifts, including day, evening, or overnight schedules Physical Capability: Comfort with frequent lifting, carrying, and movement, including lifting up to 60 lbs. Requirements: Must be 18 years of age or older Ability to operate equipment such as pallet jacks and balers following training and safety guidelines Basic math and communication skills required Availability to work flexible shifts including daytime, evening, overnight, weekends, and holidays Compliance with company policies including safety, sanitation, and dress standards Prior retail, stocking, or customer service experience preferred"
"Deli Clerk","766203","Retail, Store Ops","09/14/2026, 10:07 AM","09/28/2026, 10:07 AM","Part time","5927 RIDGE AVE # 59, PHILADELPHIA, PA, 19128, US","ACME Markets","Customer Interaction Skills: Clear communication when taking orders in person or by phone Food Preparation Skills: Experience preparing deli products, including slicing, assembling, and portioning Product Knowledge: Understanding of deli meats, cheeses, prepared foods, and hot case items Attention to Detail: Accuracy in portioning, labeling, pricing, and order completion Organization & Time Management: Managing multiple tasks while maintaining workflow and service speed Merchandising Awareness: Keeping display cases stocked, clean, and visually consistent Cash Handling: Processing transactions and making accurate change using register systems (varies by location) Operational Awareness: Following food safety, sanitation, and company procedures Adaptability: Comfort working in a fast‑paced environment with changing customer demand Physical Capability: Comfort with standing for extended periods, lifting product up to 35lbs, and working in varying temperatures Requirements: Must be 18 years of age or older Ability to operate slicers and food preparation equipment following training and safety guidelines Basic math skills for weighing, portioning, and transactions Availability to work early mornings, evenings, weekends, and holidays Prior food service or customer service experience preferred"
"Deli Associate","W738195","Retail, Store Ops","07/19/2026, 08:00 PM",,"Part time","400 W CUTHBERT BLVD, HADDON TOWNSHIP, NJ, 08108, US","ACME Markets","· You are 18 years of age or older · You take pride in the work you do, whether big or small · You agree that food is central to all our lives · Helping customers and fellow associates gives you energy · Smiling and making others smile is your favorite · You are eager & willing to learn · Being a part of your community matters"
"Night Crew Stocker","762291","Retail, Store Ops","09/04/2026, 11:13 AM",,"Part time","400 W CUTHBERT BLVD, HADDON TOWNSHIP, NJ, 08108, US","ACME Markets","· You are 18 years of age or older. · You agree that food is central in all our lives. · You enjoy being on your feet, in fast paced, always moving type work. · You take pride in the work you do, with every detail, whether big or small. · You don’t mind working in different environments (freezer, refrigerator, sales floor). · Being a part of your community matters."
"In-Store Shopper","W733404","Retail, Store Ops","07/06/2026, 08:00 PM",,"Part time","829 MONTGOMERY AVE, PENN VALLEY, PA, 19072, US","ACME Markets","· You take pride in the work you do, whether big or small. · You enjoy a team-based, fast-paced environment. · You agree that food is central to all our lives. · You are flexible to work in varying departments as needed. · Helping customers and fellow associates gives you energy. · Smiling and making others smile is your favorite. · You are eager & willing to learn. · Being a part of your community matters."
"Deli Clerk","W736204","Retail, Store Ops","07/13/2026, 08:00 PM",,"Part time","829 MONTGOMERY AVE, PENN VALLEY, PA, 19072, US","ACME Markets","· You are 18 years of age or older · You take pride in the work you do, whether big or small · You agree that food is central to all our lives · Helping customers and fellow associates gives you energy · Smiling and making others smile is your favorite · You are eager & willing to learn · Being a part of your community matters"
"Front End Entry Level","759853","Retail, Store Ops","09/01/2026, 07:45 AM",,"Part time","829 MONTGOMERY AVE, PENN VALLEY, PA, 19072, US","ACME Markets","You take pride in the work you do, whether big or small. You believe that food is central to all our lives. Helping customers and fellow associates gives you energy. Smiling and making others smile is your favorite. You are eager, willing, and wanting to learn & grow. You believe that being a part of your community matters."
"Fresh Cut Produce Clerk","768625","Retail, Store Ops","09/19/2026, 09:44 AM",,"Part time","829 MONTGOMERY AVE, PENN VALLEY, PA, 19072, US","ACME Markets","· Food Prep Experience: Prior experience in grocery, food service, or produce prep preferred. · Knife Skills & Safety Awareness: Comfortable using knives and other prep tools with attention to safety and precision. · Freshness Standards: Ability to identify quality produce and follow food safety and handling guidelines. · Customer Service: Friendly and helpful attitude with the ability to assist customers and communicate clearly. · Multitasking & Time Management: Capable of juggling multiple tasks efficiently in a fast-paced environment. · Cleanliness & Organization: Commitment to maintaining a clean, sanitary, and organized workspace. · Physical Capability: Ability to stand for extended periods and lift up to 40 lbs. with or without accommodation. · Teamwork: Willingness to support fellow associates and contribute to a positive store culture."
"In-Store Shopper","766339","Retail, Store Ops","09/14/2026, 12:26 PM",,"Part time","7901 LANSDOWNE AVE, UPPER DARBY, PA, 19082, US","ACME Markets","Customer Interaction Skills: Clear and professional communication when assisting with pickup orders Product Selection Skills: Choosing high-quality items across perishable and non-perishable departments Attention to Detail: Accuracy in order fulfillment, substitutions, and product quality checks Organization & Time Management: Managing multiple orders while maintaining speed and accuracy Technology Use: Comfortable using handheld devices and systems for order picking and tracking Problem Awareness: Identifying out-of-stock items and selecting appropriate substitutions Operational Awareness: Following order fulfillment processes and company standards Team Awareness: Coordinating order needs with team members and department processes Adaptability: Comfort with changing order volume and priorities throughout the shift Physical Capability: Comfort with continuous movement, lifting up to 50 lbs., and working in different store areas Requirements: Must be 18 years of age or older Prior retail, customer service, or fulfillment experience preferred Ability to use handheld devices and follow digital order systems Strong attention to detail required for product quality and order accuracy Availability to work early mornings, evenings, weekends, and holidays Compliance with company policies including safety, sanitation, and dress standards"
"Deli Clerk","745976","Retail, Store Ops","08/05/2026, 01:47 PM",,"Part time","7901 LANSDOWNE AVE, UPPER DARBY, PA, 19082, US","ACME Markets","· You are 18 years of age or older · You take pride in the work you do, whether big or small · You agree that food is central to all our lives · Helping customers and fellow associates gives you energy · Smiling and making others smile is your favorite · You are eager & willing to learn · Being a part of your community matters"
"Asst. Deli Manager-Philadelphia, PA","765186","Retail, Store Ops","09/10/2026, 02:54 PM","09/25/2026, 02:54 PM","Full time","7010 GERMANTOWN AVE, PHILADELPHIA, PA, 19119, US","ACME Markets","Soft skills: Strong customer‑service mindset with a passion for food quality Effective leadership, coaching, and communication skills Strong organization, time management, and problem‑solving abilities Ability to lead in a fast‑paced, high‑volume environment Competencies: Deli production, food handling, and merchandising execution Labor planning, scheduling, and performance management Inventory management, ordering, and shrink control Food safety, sanitation, and compliance oversight Knowledge: Food safety standards, sanitation practices, and equipment operation Deli preparation techniques and merchandising standards Store systems, ordering platforms, and basic computer applications Abilities: Ability to review sales, labor, and shrink data to support planning and prioritization Ability to train, coach, and develop associates Ability to lift up to 50 lbs. and work in hot and cold temperature environments Ability to safely operate slicers, ovens, knives, scales, and cleaning tools Travel requirements: None Other requirements: Flexible availability including early mornings, evenings, weekends, and holidays; reliable attendance; compliance with company policies, food safety standards, and the Code of Business Conduct"
"Deli Clerk","W734681","Retail, Store Ops","07/08/2026, 08:00 PM",,"Part time","6601 ROOSEVELT BLVD, PHILADELPHIA, PA, 19149, US","ACME Markets","· You are 18 years of age or older · You take pride in the work you do, whether big or small · You agree that food is central to all our lives · Helping customers and fellow associates gives you energy · Smiling and making others smile is your favorite · You are eager & willing to learn · Being a part of your community matters"
"Front End Entry Level","W734688","Retail, Store Ops","07/08/2026, 08:00 PM","10/09/2026, 12:00 AM","Part time","6601 ROOSEVELT BLVD, PHILADELPHIA, PA, 19149, US","ACME Markets","You take pride in the work you do, whether big or small. You believe that food is central to all our lives. Helping customers and fellow associates gives you energy. Smiling and making others smile is your favorite. You are eager, willing, and wanting to learn & grow. You believe that being a part of your community matters."
"Fresh Cut Produce Clerk","748505","Retail, Store Ops","08/08/2026, 05:06 PM",,"Part time","6640 OXFORD AVE, PHILADELPHIA, PA, 19111, US","ACME Markets","· Food Prep Experience: Prior experience in grocery, food service, or produce prep preferred. · Knife Skills & Safety Awareness: Comfortable using knives and other prep tools with attention to safety and precision. · Freshness Standards: Ability to identify quality produce and follow food safety and handling guidelines. · Customer Service: Friendly and helpful attitude with the ability to assist customers and communicate clearly. · Multitasking & Time Management: Capable of juggling multiple tasks efficiently in a fast-paced environment. · Cleanliness & Organization: Commitment to maintaining a clean, sanitary, and organized workspace. · Physical Capability: Ability to stand for extended periods and lift up to 40 lbs. with or without accommodation. · Teamwork: Willingness to support fellow associates and contribute to a positive store culture."
"Meat - Seafood Clerk","748705","Retail, Store Ops","08/09/2026, 02:48 PM",,"Part time","5300 W BALTIMORE AVE, CLIFTON HEIGHTS, PA, 19018, US","ACME Markets","You take pride in the work you do, whether big or small. You agree that food is central to all our lives. Helping customers and fellow associates gives you energy. Smiling and making others smile is your favorite. You are eager, willing, and wanting to learn & grow. You believe that being a part of your community matters."
"Front End Entry Level","766315","Retail, Store Ops","09/14/2026, 11:55 AM","10/14/2026, 11:55 AM","Part time","5300 W BALTIMORE AVE, CLIFTON HEIGHTS, PA, 19018, US","ACME Markets","Customer Interaction Skills: Friendly, clear communication during checkout and customer assistance Transaction Handling: Processing purchases accurately, including cash, card, and digital payments Attention to Detail: Accuracy in scanning, pricing, produce codes, and order completion Basic Math Skills: Handling cash transactions, counting change, and balancing registers Organization & Time Management: Managing multiple tasks while maintaining steady workflow Store Support Awareness: Assisting with bagging, cart retrieval, stocking, and general front‑end upkeep Problem Awareness: Recognizing and addressing pricing, transaction, or customer service questions Operational Awareness: Following company policies, register procedures, and checkout processes Adaptability: Comfort managing changing tasks and customer flow throughout the shift Physical Capability: Comfort with standing for extended periods, lifting up to 50 lbs., and working indoors and outdoors as needed Requirements: Must be 16 years of age or older (or 18 years of age or older, depending on local/state requirements) Completion of company cashier or front-end training upon hire Basic math and communication skills required Ability to work a flexible schedule including early mornings, evenings, weekends, and holidays Prior customer service experience preferred but not required"
"Bakery Clerk","766313","Retail, Store Ops","09/14/2026, 11:52 AM","10/14/2026, 11:52 AM","Part time","5300 W BALTIMORE AVE, CLIFTON HEIGHTS, PA, 19018, US","ACME Markets","A balanced appreciation for both the creative and technical sides of baking. A team-oriented approach and the ability to contribute effectively. A strong sense of pride in producing baked goods that enhance the customer experience. Strong organizational skills and a sharp eye for detail. Openness to learning new techniques and adapting to evolving bakery processes. Genuine interest in food preparation and bakery operations."
"Front End Entry Level","W733472","Retail, Store Ops","07/06/2026, 08:00 PM",,"Part time","2 WALNUT ST, HADDONFIELD, NJ, 08033, US","ACME Markets","You take pride in the work you do, whether big or small. You believe that food is central to all our lives. Helping customers and fellow associates gives you energy. Smiling and making others smile is your favorite. You are eager, willing, and wanting to learn & grow. You believe that being a part of your community matters."
"Cake Decorator","761686","Retail, Store Ops","09/03/2026, 11:46 AM","10/03/2026, 11:46 AM","Part time","7700 CRITTENDEN ST, PHILADELPHIA, PA, 19118, US","ACME Markets","· You agree that food is central in all our lives · You have an artistic and creative skillset · Helping customers and fellow associates gives you energy · You take pride in the work you do, whether big or small · You are eager & willing to learn · Being a part of your community matters"
"Customer Service Clerk","748367","Retail, Store Ops","08/08/2026, 12:16 PM",,"Part time","41 W MAIN ST, MAPLE SHADE, NJ, 08052, US","ACME Markets","Customer Service Skills: Prior customer service skills or related experience. Technical Skills: Ability to operate electronic scanning cash registers and machines for counting money, wire transfer processing, and lottery. Problem-Solving Skills: Ability to handle stressful and complex situations calmly and professionally. Communication Skills: Ability to understand and follow instructions and communicate effectively with customers and team members. Organizational Skills: Ability to multi-task and work in a fast-paced environment, maintain cleanliness and organization of the work area. Teamwork: Ability to work independently as well as within a large team. Reliability: Ability to provide regular and predictable attendance and comply with workplace conduct standards."
"Bakery Clerk","753353","Retail, Store Ops","08/15/2026, 10:00 AM",,"Part time","2101 COTTMAN AVE, PHILADELPHIA, PA, 19149, US","ACME Markets","A balanced appreciation for both the creative and technical sides of baking. A team-oriented approach and the ability to contribute effectively. A strong sense of pride in producing baked goods that enhance the customer experience. Strong organizational skills and a sharp eye for detail. Openness to learning new techniques and adapting to evolving bakery processes. Genuine interest in food preparation and bakery operations."
"Front End Entry Level","W742507","Retail, Store Ops","07/27/2026, 08:00 PM",,"Part time","2101 COTTMAN AVE, PHILADELPHIA, PA, 19149, US","ACME Markets","You take pride in the work you do, whether big or small. You believe that food is central to all our lives. Helping customers and fellow associates gives you energy. Smiling and making others smile is your favorite. You are eager, willing, and wanting to learn & grow. You believe that being a part of your community matters."
"In-Store Shopper","766268","Retail, Store Ops","09/14/2026, 11:16 AM","10/14/2026, 11:16 AM","Part time","1305 W CHESTER PIKE, HAVERTOWN, PA, 19083, US","ACME Markets","Customer Interaction Skills: Clear and professional communication when assisting with pickup orders Product Selection Skills: Choosing high-quality items across perishable and non-perishable departments Attention to Detail: Accuracy in order fulfillment, substitutions, and product quality checks Organization & Time Management: Managing multiple orders while maintaining speed and accuracy Technology Use: Comfortable using handheld devices and systems for order picking and tracking Problem Awareness: Identifying out-of-stock items and selecting appropriate substitutions Operational Awareness: Following order fulfillment processes and company standards Team Awareness: Coordinating order needs with team members and department processes Adaptability: Comfort with changing order volume and priorities throughout the shift Physical Capability: Comfort with continuous movement, lifting up to 50 lbs., and working in different store areas Requirements: Must be 18 years of age or older Prior retail, customer service, or fulfillment experience preferred Ability to use handheld devices and follow digital order systems Strong attention to detail required for product quality and order accuracy Availability to work early mornings, evenings, weekends, and holidays Compliance with company policies including safety, sanitation, and dress standards"
"Customer Service Clerk","765920","Retail, Store Ops","09/12/2026, 05:48 PM","10/11/2026, 03:00 AM","Part time","501 E EVESHAM RD, RUNNEMEDE, NJ, 08078, US","ACME Markets","Customer Service Skills: Prior customer service skills or related experience. Technical Skills: Ability to operate electronic scanning cash registers and machines for counting money, wire transfer processing, and lottery. Problem-Solving Skills: Ability to handle stressful and complex situations calmly and professionally. Communication Skills: Ability to understand and follow instructions and communicate effectively with customers and team members. Organizational Skills: Ability to multi-task and work in a fast-paced environment, maintain cleanliness and organization of the work area. Teamwork: Ability to work independently as well as within a large team. Reliability: Ability to provide regular and predictable attendance and comply with workplace conduct standards."
"Night Crew Stocker","765005","Retail, Store Ops","09/10/2026, 09:19 AM","10/10/2026, 09:19 AM","Part time","503 MACDADE BLVD, HOLMES, PA, 19043, US","ACME Markets","· You are 18 years of age or older. · You agree that food is central in all our lives. · You enjoy being on your feet, in fast paced, always moving type work. · You take pride in the work you do, with every detail, whether big or small. · You don’t mind working in different environments (freezer, refrigerator, sales floor). · Being a part of your community matters."
"Front End Entry Level","765009","Retail, Store Ops","09/10/2026, 09:30 AM","10/10/2026, 09:30 AM","Part time","503 MACDADE BLVD, HOLMES, PA, 19043, US","ACME Markets","You take pride in the work you do, whether big or small. You believe that food is central to all our lives. Helping customers and fellow associates gives you energy. Smiling and making others smile is your favorite. You are eager, willing, and wanting to learn & grow. You believe that being a part of your community matters."
"Deli Clerk","763037","Retail, Store Ops","09/05/2026, 11:06 AM","10/05/2026, 11:06 AM","Part time","601 W LANCASTER AVE, BRYN MAWR, PA, 19010, US","ACME Markets","· You are 18 years of age or older · You take pride in the work you do, whether big or small · You agree that food is central to all our lives · Helping customers and fellow associates gives you energy · Smiling and making others smile is your favorite · You are eager & willing to learn · Being a part of your community matters"
"Fresh Cut Produce Clerk","763036","Retail, Store Ops","09/05/2026, 11:01 AM","10/05/2026, 11:01 AM","Part time","601 W LANCASTER AVE, BRYN MAWR, PA, 19010, US","ACME Markets","· Food Prep Experience: Prior experience in grocery, food service, or produce prep preferred. · Knife Skills & Safety Awareness: Comfortable using knives and other prep tools with attention to safety and precision. · Freshness Standards: Ability to identify quality produce and follow food safety and handling guidelines. · Customer Service: Friendly and helpful attitude with the ability to assist customers and communicate clearly. · Multitasking & Time Management: Capable of juggling multiple tasks efficiently in a fast-paced environment. · Cleanliness & Organization: Commitment to maintaining a clean, sanitary, and organized workspace. · Physical Capability: Ability to stand for extended periods and lift up to 40 lbs. with or without accommodation. · Teamwork: Willingness to support fellow associates and contribute to a positive store culture."
"Front End Entry Level","763046","Retail, Store Ops","09/05/2026, 11:14 AM","10/05/2026, 11:14 AM","Part time","601 W LANCASTER AVE, BRYN MAWR, PA, 19010, US","ACME Markets","You take pride in the work you do, whether big or small. You believe that food is central to all our lives. Helping customers and fellow associates gives you energy. Smiling and making others smile is your favorite. You are eager, willing, and wanting to learn & grow. You believe that being a part of your community matters."
"In-Store Shopper","763040","Retail, Store Ops","09/05/2026, 11:11 AM","10/05/2026, 11:11 AM","Part time","601 W LANCASTER AVE, BRYN MAWR, PA, 19010, US","ACME Markets","· You take pride in the work you do, whether big or small. · You enjoy a team-based, fast-paced environment. · You agree that food is central to all our lives. · You are flexible to work in varying departments as needed. · Helping customers and fellow associates gives you energy. · Smiling and making others smile is your favorite. · You are eager & willing to learn. · Being a part of your community matters."
"Pharmacy Manager (Pharmacist)","759822","Pharmacy & Health","08/31/2026, 08:10 PM",,"Full time","631 MANTUA PIKE, WEST DEPTFORD, NJ, 08096, US","ACME Markets","• Bachelor's Degree in Pharmacy or Pharm.D or equivalent FPGEC (NABP) • Active pharmacy license in state(s) of practice with all held licenses in good standing • Certified Immunizer Required • 1 year of supervisory experience in a pharmacy setting preferred • Ability to work a variety of schedules"
"Deli Clerk","W743851","Retail, Store Ops","07/30/2026, 08:00 PM",,"Part time","8200 ROOSEVELT BLVD, PHILADELPHIA, PA, 19152, US","ACME Markets","· You are 18 years of age or older · You take pride in the work you do, whether big or small · You agree that food is central to all our lives · Helping customers and fellow associates gives you energy · Smiling and making others smile is your favorite · You are eager & willing to learn · Being a part of your community matters"
"Front End Entry Level","W731273","Retail, Store Ops","07/01/2026, 08:00 PM",,"Part time","8200 ROOSEVELT BLVD, PHILADELPHIA, PA, 19152, US","ACME Markets","You take pride in the work you do, whether big or small. You believe that food is central to all our lives. Helping customers and fellow associates gives you energy. Smiling and making others smile is your favorite. You are eager, willing, and wanting to learn & grow. You believe that being a part of your community matters."
"Fresh Cut Produce Clerk","757415","Retail, Store Ops","08/25/2026, 12:28 PM","09/24/2026, 12:28 PM","Part time","8200 ROOSEVELT BLVD, PHILADELPHIA, PA, 19152, US","ACME Markets","· Food Prep Experience: Prior experience in grocery, food service, or produce prep preferred. · Knife Skills & Safety Awareness: Comfortable using knives and other prep tools with attention to safety and precision. · Freshness Standards: Ability to identify quality produce and follow food safety and handling guidelines. · Customer Service: Friendly and helpful attitude with the ability to assist customers and communicate clearly. · Multitasking & Time Management: Capable of juggling multiple tasks efficiently in a fast-paced environment. · Cleanliness & Organization: Commitment to maintaining a clean, sanitary, and organized workspace. · Physical Capability: Ability to stand for extended periods and lift up to 40 lbs. with or without accommodation. · Teamwork: Willingness to support fellow associates and contribute to a positive store culture."
"Meat - Seafood Clerk","759149","Retail, Store Ops","08/30/2026, 10:46 AM","09/29/2026, 10:46 AM","Part time","8200 ROOSEVELT BLVD, PHILADELPHIA, PA, 19152, US","ACME Markets","You take pride in the work you do, whether big or small. You agree that food is central to all our lives. Helping customers and fellow associates gives you energy. Smiling and making others smile is your favorite. You are eager, willing, and wanting to learn & grow. You believe that being a part of your community matters."
"Front End Entry Level","758601","Retail, Store Ops","08/28/2026, 11:44 AM","09/27/2026, 11:44 AM","Part time","8200 ROOSEVELT BLVD, PHILADELPHIA, PA, 19152, US","ACME Markets","You take pride in the work you do, whether big or small. You believe that food is central to all our lives. Helping customers and fellow associates gives you energy. Smiling and making others smile is your favorite. You are eager, willing, and wanting to learn & grow. You believe that being a part of your community matters."
"Baker","W743965","Retail, Store Ops","07/30/2026, 08:00 PM",,"Part time","590 KINGS HWY AND LENOLA RD, MAPLE SHADE, NJ, 08052, US","ACME Markets","· You agree that food is central in all our lives · You relish in the smell of freshly baked pastries, breads, and more · Helping customers and fellow associates gives you energy · You take pride in the work you do, whether big or small · You are eager & willing to learn · Being a part of your community matters"
"Deli Clerk","762779","Retail, Store Ops","09/04/2026, 04:15 PM",,"Part time","590 KINGS HWY AND LENOLA RD, MAPLE SHADE, NJ, 08052, US","ACME Markets","· You are 18 years of age or older · You take pride in the work you do, whether big or small · You agree that food is central to all our lives · Helping customers and fellow associates gives you energy · Smiling and making others smile is your favorite · You are eager & willing to learn · Being a part of your community matters"
"Front End Entry Level","765425","Retail, Store Ops","09/11/2026, 12:20 PM",,"Part time","590 KINGS HWY AND LENOLA RD, MAPLE SHADE, NJ, 08052, US","ACME Markets","You take pride in the work you do, whether big or small. You believe that food is central to all our lives. Helping customers and fellow associates gives you energy. Smiling and making others smile is your favorite. You are eager, willing, and wanting to learn & grow. You believe that being a part of your community matters."
"Deli Clerk","W735295","Retail, Store Ops","07/10/2026, 08:00 PM",,"Part time","323 OLD YORK RD, JENKINTOWN, PA, 19046, US","ACME Markets","· You are 18 years of age or older · You take pride in the work you do, whether big or small · You agree that food is central to all our lives · Helping customers and fellow associates gives you energy · Smiling and making others smile is your favorite · You are eager & willing to learn · Being a part of your community matters"
"Front End Entry Level","W735293","Retail, Store Ops","07/10/2026, 08:00 PM",,"Part time","323 OLD YORK RD, JENKINTOWN, PA, 19046, US","ACME Markets","You take pride in the work you do, whether big or small. You believe that food is central to all our lives. Helping customers and fellow associates gives you energy. Smiling and making others smile is your favorite. You are eager, willing, and wanting to learn & grow. You believe that being a part of your community matters."
"Acme Assistant Store Director- Philadelphia, PA","755786","Retail, Store Ops","08/20/2026, 03:49 PM",,"Full time","323 OLD YORK RD, JENKINTOWN, PA, 19046, US","ACME Markets","Minimum of one year of assistant manager experience responsible for managing a department/team within a multi-department operation within the retail or service industry - OR - Two years' experience as a department manager with responsibility for managing a department/team within a multi-department operation within the retail or high-volume service industry High school diploma or equivalent required; college degree is preferred Strong customer service and supervisory skills Perishable inventory management (no exceptions) Solid understanding of overall store operations Proven ability to demonstrate strong leadership skills Will be required to repeatedly use hands, arms, legs, and feet for sustained action (e.g. walking around the store, stocking, rotating product). Ability to stand 100% of the shift and work in a fast-paced environment. Preferred Qualifications: Schedule writing Inventory Ordering Shrink Management 2+ Years experience managing in a food-based industry Union experience Travel: May be required to travel for training or participation in corporate programs and focus groups. Additionally, travel to other stores to assist when necessary, may be required."
"Fresh Cut Produce Clerk","763018","Retail, Store Ops","09/05/2026, 10:36 AM","10/05/2026, 10:36 AM","Part time","124 MORTON AVE, FOLSOM, PA, 19033, US","ACME Markets","· Food Prep Experience: Prior experience in grocery, food service, or produce prep preferred. · Knife Skills & Safety Awareness: Comfortable using knives and other prep tools with attention to safety and precision. · Freshness Standards: Ability to identify quality produce and follow food safety and handling guidelines. · Customer Service: Friendly and helpful attitude with the ability to assist customers and communicate clearly. · Multitasking & Time Management: Capable of juggling multiple tasks efficiently in a fast-paced environment. · Cleanliness & Organization: Commitment to maintaining a clean, sanitary, and organized workspace. · Physical Capability: Ability to stand for extended periods and lift up to 40 lbs. with or without accommodation. · Teamwork: Willingness to support fellow associates and contribute to a positive store culture."
"Front End Entry Level","760931","Retail, Store Ops","09/02/2026, 12:58 PM","10/02/2026, 12:58 PM","Part time","124 MORTON AVE, FOLSOM, PA, 19033, US","ACME Markets","You take pride in the work you do, whether big or small. You believe that food is central to all our lives. Helping customers and fellow associates gives you energy. Smiling and making others smile is your favorite. You are eager, willing, and wanting to learn & grow. You believe that being a part of your community matters."
"Deli Clerk","757849","Retail, Store Ops","08/26/2026, 11:30 AM","09/25/2026, 11:30 AM","Part time","124 MORTON AVE, FOLSOM, PA, 19033, US","ACME Markets","· You are 18 years of age or older · You take pride in the work you do, whether big or small · You agree that food is central to all our lives · Helping customers and fellow associates gives you energy · Smiling and making others smile is your favorite · You are eager & willing to learn · Being a part of your community matters"
"In-Store Shopper","W739803","Retail, Store Ops","07/22/2026, 08:00 PM",,"Part time","567 SPROUL ROAD, BROOMALL, PA, 19008, US","ACME Markets","· You take pride in the work you do, whether big or small. · You enjoy a team-based, fast-paced environment. · You agree that food is central to all our lives. · You are flexible to work in varying departments as needed. · Helping customers and fellow associates gives you energy. · Smiling and making others smile is your favorite. · You are eager & willing to learn. · Being a part of your community matters."
"Fresh Cut Produce Clerk","W735815","Retail, Store Ops","07/12/2026, 08:00 PM",,"Part time","567 SPROUL ROAD, BROOMALL, PA, 19008, US","ACME Markets","· Food Prep Experience: Prior experience in grocery, food service, or produce prep preferred. · Knife Skills & Safety Awareness: Comfortable using knives and other prep tools with attention to safety and precision. · Freshness Standards: Ability to identify quality produce and follow food safety and handling guidelines. · Customer Service: Friendly and helpful attitude with the ability to assist customers and communicate clearly. · Multitasking & Time Management: Capable of juggling multiple tasks efficiently in a fast-paced environment. · Cleanliness & Organization: Commitment to maintaining a clean, sanitary, and organized workspace. · Physical Capability: Ability to stand for extended periods and lift up to 40 lbs. with or without accommodation. · Teamwork: Willingness to support fellow associates and contribute to a positive store culture."
"Meat - Seafood Clerk","759382","Retail, Store Ops","08/31/2026, 11:48 AM",,"Part time","567 SPROUL ROAD, BROOMALL, PA, 19008, US","ACME Markets","You take pride in the work you do, whether big or small. You agree that food is central to all our lives. Helping customers and fellow associates gives you energy. Smiling and making others smile is your favorite. You are eager, willing, and wanting to learn & grow. You believe that being a part of your community matters."
"Front End Entry Level","W735799","Retail, Store Ops","08/31/2026, 11:44 AM","09/30/2026, 12:00 AM","Part time","567 SPROUL ROAD, BROOMALL, PA, 19008, US","ACME Markets","You take pride in the work you do, whether big or small. You believe that food is central to all our lives. Helping customers and fellow associates gives you energy. Smiling and making others smile is your favorite. You are eager, willing, and wanting to learn & grow. You believe that being a part of your community matters."
"Deli Clerk","764996","Retail, Store Ops","09/10/2026, 08:39 AM","10/10/2026, 08:39 AM","Part time","1640 BETHLEHEM PIKE, FLOURTOWN, PA, 19031, US","ACME Markets","· You are 18 years of age or older · You take pride in the work you do, whether big or small · You agree that food is central to all our lives · Helping customers and fellow associates gives you energy · Smiling and making others smile is your favorite · You are eager & willing to learn · Being a part of your community matters"
"Front End Entry Level","764995","Retail, Store Ops","09/10/2026, 08:35 AM","10/10/2026, 08:35 AM","Part time","1640 BETHLEHEM PIKE, FLOURTOWN, PA, 19031, US","ACME Markets","You take pride in the work you do, whether big or small. You believe that food is central to all our lives. Helping customers and fellow associates gives you energy. Smiling and making others smile is your favorite. You are eager, willing, and wanting to learn & grow. You believe that being a part of your community matters."
"Deli Clerk","753190","Retail, Store Ops","08/14/2026, 04:44 PM",,"Part time","700 HADDONFIELD BERLIN RD, VOORHEES, NJ, 08043, US","ACME Markets","· You are 18 years of age or older · You take pride in the work you do, whether big or small · You agree that food is central to all our lives · Helping customers and fellow associates gives you energy · Smiling and making others smile is your favorite · You are eager & willing to learn · Being a part of your community matters"
"Night Crew Stocker","768701","Retail, Store Ops","09/19/2026, 03:19 PM",,"Part time","700 HADDONFIELD BERLIN RD, VOORHEES, NJ, 08043, US","ACME Markets","Customer Interaction Skills: Clear communication when assisting customers on the sales floor Stocking & Merchandising: Placing product accurately on shelves and maintaining display standards Product Knowledge: Familiarity with store layout, product locations, and pricing Attention to Detail: Accuracy in stocking, rotation, labeling, and removing outdated products Organization & Time Management: Managing workload efficiently while maintaining clean, organized areas Equipment Use: Operating pallet jacks, box cutters, and store equipment following safety guidelines Inventory Awareness: Monitoring stock levels and maintaining backroom organization Operational Awareness: Following company policies, safety procedures, and stocking processes Adaptability: Comfort working varied shifts, including day, evening, or overnight schedules Physical Capability: Comfort with frequent lifting, carrying, and movement, including lifting up to 60 lbs. Requirements: Must be 18 years of age or older Ability to operate equipment such as pallet jacks and balers following training and safety guidelines Basic math and communication skills required Availability to work flexible shifts including daytime, evening, overnight, weekends, and holidays Compliance with company policies including safety, sanitation, and dress standards Prior retail, stocking, or customer service experience preferred"
"Retail Sales and Store Support","753199","Retail, Store Ops","08/14/2026, 04:49 PM",,,"700 HADDONFIELD BERLIN RD, VOORHEES, NJ, 08043, US","ACME Markets","You take pride in the work you do, whether big or small. You agree that food is central to all our lives. Helping customers and fellow associates gives you energy. Smiling and making others smile is your favorite. You are eager, willing, and wanting to learn & grow. You believe that being a part of your community matters."
"In-Store Shopper","763488","Retail, Store Ops","09/07/2026, 08:58 AM","10/07/2026, 08:58 AM","Part time","920 RED LION RD, PHILADELPHIA, PA, 19115, US","ACME Markets","· You take pride in the work you do, whether big or small. · You enjoy a team-based, fast-paced environment. · You agree that food is central to all our lives. · You are flexible to work in varying departments as needed. · Helping customers and fellow associates gives you energy. · Smiling and making others smile is your favorite. · You are eager & willing to learn. · Being a part of your community matters."
"2027 Pharmacy Graduate Intern-ACME","766813","Pharmacy & Health","09/15/2026, 07:57 AM",,"Full time","920 RED LION RD, PHILADELPHIA, PA, 19115, US 212 NEW RD, SOMERS POINT, NJ, 08244, US 205 S 1ST AVE, LAUREL, MT, 59044, US 690 MILLBROOK AVE, RANDOLPH, NJ, 07869, US 100 SUBURBAN DR, NEWARK, DE, 19711, US","ACME Markets","· Bachelor’s degree in pharmacy or Pharm.D or equivalent FPGEC (NABP) · Must have an active pharmacy license in state(s) of practice with all held licenses in good standing · Certified Immunizer Required · Ability to work a variety of schedules"
"Fresh Cut Produce Clerk","768334","Retail, Store Ops","09/18/2026, 01:30 PM","11/02/2026, 12:30 PM","Part time","920 RED LION RD, PHILADELPHIA, PA, 19115, US","ACME Markets","· Food Prep Experience: Prior experience in grocery, food service, or produce prep preferred. · Knife Skills & Safety Awareness: Comfortable using knives and other prep tools with attention to safety and precision. · Freshness Standards: Ability to identify quality produce and follow food safety and handling guidelines. · Customer Service: Friendly and helpful attitude with the ability to assist customers and communicate clearly. · Multitasking & Time Management: Capable of juggling multiple tasks efficiently in a fast-paced environment. · Cleanliness & Organization: Commitment to maintaining a clean, sanitary, and organized workspace. · Physical Capability: Ability to stand for extended periods and lift up to 40 lbs. with or without accommodation. · Teamwork: Willingness to support fellow associates and contribute to a positive store culture."
"Deli Clerk","768338","Retail, Store Ops","09/18/2026, 01:32 PM","11/02/2026, 12:32 PM","Part time","920 RED LION RD, PHILADELPHIA, PA, 19115, US","ACME Markets","Customer Interaction Skills: Clear communication when taking orders in person or by phone Food Preparation Skills: Experience preparing deli products, including slicing, assembling, and portioning Product Knowledge: Understanding of deli meats, cheeses, prepared foods, and hot case items Attention to Detail: Accuracy in portioning, labeling, pricing, and order completion Organization & Time Management: Managing multiple tasks while maintaining workflow and service speed Merchandising Awareness: Keeping display cases stocked, clean, and visually consistent Cash Handling: Processing transactions and making accurate change using register systems (varies by location) Operational Awareness: Following food safety, sanitation, and company procedures Adaptability: Comfort working in a fast‑paced environment with changing customer demand Physical Capability: Comfort with standing for extended periods, lifting product up to 35lbs, and working in varying temperatures Requirements: Must be 18 years of age or older Ability to operate slicers and food preparation equipment following training and safety guidelines Basic math skills for weighing, portioning, and transactions Availability to work early mornings, evenings, weekends, and holidays Prior food service or customer service experience preferred"
"Front End Entry Level","768341","Retail, Store Ops","09/18/2026, 01:35 PM","11/02/2026, 12:35 PM","Part time","920 RED LION RD, PHILADELPHIA, PA, 19115, US","ACME Markets","Customer Interaction Skills: Friendly, clear communication during checkout and customer assistance Transaction Handling: Processing purchases accurately, including cash, card, and digital payments Attention to Detail: Accuracy in scanning, pricing, produce codes, and order completion Basic Math Skills: Handling cash transactions, counting change, and balancing registers Organization & Time Management: Managing multiple tasks while maintaining steady workflow Store Support Awareness: Assisting with bagging, cart retrieval, stocking, and general front‑end upkeep Problem Awareness: Recognizing and addressing pricing, transaction, or customer service questions Operational Awareness: Following company policies, register procedures, and checkout processes Adaptability: Comfort managing changing tasks and customer flow throughout the shift Physical Capability: Comfort with standing for extended periods, lifting up to 50 lbs., and working indoors and outdoors as needed Requirements: Must be 16 years of age or older (or 18 years of age or older, depending on local/state requirements) Completion of company cashier or front-end training upon hire Basic math and communication skills required Ability to work a flexible schedule including early mornings, evenings, weekends, and holidays Prior customer service experience preferred but not required"
"Front End Entry Level","W737276","Retail, Store Ops","07/15/2026, 08:00 PM",,"Part time","3200 RED LION RD # 92, PHILADELPHIA, PA, 19114, US","ACME Markets","You take pride in the work you do, whether big or small. You believe that food is central to all our lives. Helping customers and fellow associates gives you energy. Smiling and making others smile is your favorite. You are eager, willing, and wanting to learn & grow. You believe that being a part of your community matters."
"Deli Clerk","W736222","Retail, Store Ops","07/13/2026, 08:00 PM",,"Part time","3200 RED LION RD # 92, PHILADELPHIA, PA, 19114, US","ACME Markets","· You are 18 years of age or older · You take pride in the work you do, whether big or small · You agree that food is central to all our lives · Helping customers and fellow associates gives you energy · Smiling and making others smile is your favorite · You are eager & willing to learn · Being a part of your community matters"
"Meat - Seafood Clerk","W743435","Retail, Store Ops","07/29/2026, 08:00 PM",,"Part time","3590 WEST CHESTER PIKE, NEWTOWN SQUARE, PA, 19073, US","ACME Markets","You take pride in the work you do, whether big or small. You agree that food is central to all our lives. Helping customers and fellow associates gives you energy. Smiling and making others smile is your favorite. You are eager, willing, and wanting to learn & grow. You believe that being a part of your community matters."
"Fresh Cut Produce Clerk","W743441","Retail, Store Ops","07/29/2026, 08:00 PM",,"Part time","3590 WEST CHESTER PIKE, NEWTOWN SQUARE, PA, 19073, US","ACME Markets","· Food Prep Experience: Prior experience in grocery, food service, or produce prep preferred. · Knife Skills & Safety Awareness: Comfortable using knives and other prep tools with attention to safety and precision. · Freshness Standards: Ability to identify quality produce and follow food safety and handling guidelines. · Customer Service: Friendly and helpful attitude with the ability to assist customers and communicate clearly. · Multitasking & Time Management: Capable of juggling multiple tasks efficiently in a fast-paced environment. · Cleanliness & Organization: Commitment to maintaining a clean, sanitary, and organized workspace. · Physical Capability: Ability to stand for extended periods and lift up to 40 lbs. with or without accommodation. · Teamwork: Willingness to support fellow associates and contribute to a positive store culture."
"Bakery Clerk","W743429","Retail, Store Ops","07/29/2026, 08:00 PM",,"Part time","3590 WEST CHESTER PIKE, NEWTOWN SQUARE, PA, 19073, US","ACME Markets","A balanced appreciation for both the creative and technical sides of baking. A team-oriented approach and the ability to contribute effectively. A strong sense of pride in producing baked goods that enhance the customer experience. Strong organizational skills and a sharp eye for detail. Openness to learning new techniques and adapting to evolving bakery processes. Genuine interest in food preparation and bakery operations."
"Front End Entry Level","W743406","Retail, Store Ops","07/29/2026, 08:00 PM",,"Part time","3590 WEST CHESTER PIKE, NEWTOWN SQUARE, PA, 19073, US","ACME Markets","You take pride in the work you do, whether big or small. You believe that food is central to all our lives. Helping customers and fellow associates gives you energy. Smiling and making others smile is your favorite. You are eager, willing, and wanting to learn & grow. You believe that being a part of your community matters."
"Deli Clerk","758298","Retail, Store Ops","08/27/2026, 01:46 PM","10/26/2026, 01:46 PM","Part time","3590 WEST CHESTER PIKE, NEWTOWN SQUARE, PA, 19073, US","ACME Markets","· You are 18 years of age or older · You take pride in the work you do, whether big or small · You agree that food is central to all our lives · Helping customers and fellow associates gives you energy · Smiling and making others smile is your favorite · You are eager & willing to learn · Being a part of your community matters"
"In-Store Shopper","W743421","Retail, Store Ops","07/29/2026, 08:00 PM",,"Part time","3590 WEST CHESTER PIKE, NEWTOWN SQUARE, PA, 19073, US","ACME Markets","· You take pride in the work you do, whether big or small. · You enjoy a team-based, fast-paced environment. · You agree that food is central to all our lives. · You are flexible to work in varying departments as needed. · Helping customers and fellow associates gives you energy. · Smiling and making others smile is your favorite. · You are eager & willing to learn. · Being a part of your community matters."
"Customer Service Clerk","759190","Retail, Store Ops","08/30/2026, 02:25 PM","09/29/2026, 02:25 PM","Part time","1825 LIMEKILN PIKE, DRESHER, PA, 19025, US","ACME Markets","Customer Service Skills: Prior customer service skills or related experience. Technical Skills: Ability to operate electronic scanning cash registers and machines for counting money, wire transfer processing, and lottery. Problem-Solving Skills: Ability to handle stressful and complex situations calmly and professionally. Communication Skills: Ability to understand and follow instructions and communicate effectively with customers and team members. Organizational Skills: Ability to multi-task and work in a fast-paced environment, maintain cleanliness and organization of the work area. Teamwork: Ability to work independently as well as within a large team. Reliability: Ability to provide regular and predictable attendance and comply with workplace conduct standards."
"Meat - Seafood Clerk","759196","Retail, Store Ops","08/30/2026, 02:31 PM","09/29/2026, 02:31 PM","Part time","1825 LIMEKILN PIKE, DRESHER, PA, 19025, US","ACME Markets","You take pride in the work you do, whether big or small. You agree that food is central to all our lives. Helping customers and fellow associates gives you energy. Smiling and making others smile is your favorite. You are eager, willing, and wanting to learn & grow. You believe that being a part of your community matters."
"Retail Sales and Store Support","759199","Retail, Store Ops","08/30/2026, 02:36 PM","09/29/2026, 02:36 PM","Part time","1825 LIMEKILN PIKE, DRESHER, PA, 19025, US","ACME Markets","You take pride in the work you do, whether big or small. You agree that food is central to all our lives. Helping customers and fellow associates gives you energy. Smiling and making others smile is your favorite. You are eager, willing, and wanting to learn & grow. You believe that being a part of your community matters."
"Bakery Clerk","755616","Retail, Store Ops","08/20/2026, 11:43 AM",,"Part time","1336 BRISTOL PIKE, BENSALEM, PA, 19020, US","ACME Markets","A balanced appreciation for both the creative and technical sides of baking. A team-oriented approach and the ability to contribute effectively. A strong sense of pride in producing baked goods that enhance the customer experience. Strong organizational skills and a sharp eye for detail. Openness to learning new techniques and adapting to evolving bakery processes. Genuine interest in food preparation and bakery operations."
"Front End Entry Level","752098","Retail, Store Ops","08/13/2026, 02:31 PM",,"Part time","1336 BRISTOL PIKE, BENSALEM, PA, 19020, US","ACME Markets","You take pride in the work you do, whether big or small. You believe that food is central to all our lives. Helping customers and fellow associates gives you energy. Smiling and making others smile is your favorite. You are eager, willing, and wanting to learn & grow. You believe that being a part of your community matters."
"Fresh Cut Produce Clerk","765035","Retail, Store Ops","09/10/2026, 10:56 AM",,"Part time","1336 BRISTOL PIKE, BENSALEM, PA, 19020, US","ACME Markets","· Food Prep Experience: Prior experience in grocery, food service, or produce prep preferred. · Knife Skills & Safety Awareness: Comfortable using knives and other prep tools with attention to safety and precision. · Freshness Standards: Ability to identify quality produce and follow food safety and handling guidelines. · Customer Service: Friendly and helpful attitude with the ability to assist customers and communicate clearly. · Multitasking & Time Management: Capable of juggling multiple tasks efficiently in a fast-paced environment. · Cleanliness & Organization: Commitment to maintaining a clean, sanitary, and organized workspace. · Physical Capability: Ability to stand for extended periods and lift up to 40 lbs. with or without accommodation. · Teamwork: Willingness to support fellow associates and contribute to a positive store culture."
"Front End Entry Level","766712","Retail, Store Ops","09/14/2026, 05:48 PM",,"Part time","700 LANCASTER AVE, WAYNE, PA, 19087, US","ACME Markets","Customer Interaction Skills: Friendly, clear communication during checkout and customer assistance Transaction Handling: Processing purchases accurately, including cash, card, and digital payments Attention to Detail: Accuracy in scanning, pricing, produce codes, and order completion Basic Math Skills: Handling cash transactions, counting change, and balancing registers Organization & Time Management: Managing multiple tasks while maintaining steady workflow Store Support Awareness: Assisting with bagging, cart retrieval, stocking, and general front‑end upkeep Problem Awareness: Recognizing and addressing pricing, transaction, or customer service questions Operational Awareness: Following company policies, register procedures, and checkout processes Adaptability: Comfort managing changing tasks and customer flow throughout the shift Physical Capability: Comfort with standing for extended periods, lifting up to 50 lbs., and working indoors and outdoors as needed Requirements: Must be 16 years of age or older (or 18 years of age or older, depending on local/state requirements) Completion of company cashier or front-end training upon hire Basic math and communication skills required Ability to work a flexible schedule including early mornings, evenings, weekends, and holidays Prior customer service experience preferred but not required"
"Deli Clerk","746292","Retail, Store Ops","08/05/2026, 03:23 PM","09/22/2026, 03:00 AM","Part time","700 LANCASTER AVE, WAYNE, PA, 19087, US","ACME Markets","· You are 18 years of age or older · You take pride in the work you do, whether big or small · You agree that food is central to all our lives · Helping customers and fellow associates gives you energy · Smiling and making others smile is your favorite · You are eager & willing to learn · Being a part of your community matters"
"Bakery Clerk","753392","Retail, Store Ops","08/15/2026, 12:09 PM",,"Part time","1095 W BALTIMORE PIKE, MEDIA, PA, 19063, US","ACME Markets","A balanced appreciation for both the creative and technical sides of baking. A team-oriented approach and the ability to contribute effectively. A strong sense of pride in producing baked goods that enhance the customer experience. Strong organizational skills and a sharp eye for detail. Openness to learning new techniques and adapting to evolving bakery processes. Genuine interest in food preparation and bakery operations."
"In-Store Shopper","749616","Retail, Store Ops","08/11/2026, 10:44 AM",,"Part time","1095 W BALTIMORE PIKE, MEDIA, PA, 19063, US","ACME Markets","· You take pride in the work you do, whether big or small. · You enjoy a team-based, fast-paced environment. · You agree that food is central to all our lives. · You are flexible to work in varying departments as needed. · Helping customers and fellow associates gives you energy. · Smiling and making others smile is your favorite. · You are eager & willing to learn. · Being a part of your community matters."
"Deli Clerk","748847","Retail, Store Ops","08/10/2026, 10:29 AM",,"Part time","1095 W BALTIMORE PIKE, MEDIA, PA, 19063, US","ACME Markets","· You are 18 years of age or older · You take pride in the work you do, whether big or small · You agree that food is central to all our lives · Helping customers and fellow associates gives you energy · Smiling and making others smile is your favorite · You are eager & willing to learn · Being a part of your community matters"
"Deli Clerk","749698","Retail, Store Ops","08/11/2026, 12:16 PM",,"Part time","415 EGG HARBOR RD, SEWELL, NJ, 08080, US","ACME Markets","· You are 18 years of age or older · You take pride in the work you do, whether big or small · You agree that food is central to all our lives · Helping customers and fellow associates gives you energy · Smiling and making others smile is your favorite · You are eager & willing to learn · Being a part of your community matters"
"Front End Entry Level","749726","Retail, Store Ops","08/11/2026, 12:37 PM",,"Part time","415 EGG HARBOR RD, SEWELL, NJ, 08080, US","ACME Markets","You take pride in the work you do, whether big or small. You believe that food is central to all our lives. Helping customers and fellow associates gives you energy. Smiling and making others smile is your favorite. You are eager, willing, and wanting to learn & grow. You believe that being a part of your community matters."
"Deli Clerk","758881","Retail, Store Ops","08/28/2026, 04:28 PM",,"Part time","25 E GERMANTOWN PIKE, EAST NORRITON, PA, 19401, US","ACME Markets","· You are 18 years of age or older · You take pride in the work you do, whether big or small · You agree that food is central to all our lives · Helping customers and fellow associates gives you energy · Smiling and making others smile is your favorite · You are eager & willing to learn · Being a part of your community matters"
"Cake Decorator","758887","Retail, Store Ops","08/28/2026, 04:34 PM",,"Part time","25 E GERMANTOWN PIKE, EAST NORRITON, PA, 19401, US","ACME Markets","· You agree that food is central in all our lives · You have an artistic and creative skillset · Helping customers and fellow associates gives you energy · You take pride in the work you do, whether big or small · You are eager & willing to learn · Being a part of your community matters"
"Front End Entry Level","W736459","Retail, Store Ops","07/13/2026, 08:00 PM",,"Part time","25 E GERMANTOWN PIKE, EAST NORRITON, PA, 19401, US","ACME Markets","You take pride in the work you do, whether big or small. You believe that food is central to all our lives. Helping customers and fellow associates gives you energy. Smiling and making others smile is your favorite. You are eager, willing, and wanting to learn & grow. You believe that being a part of your community matters."
"Acme Store Director-Philadelphia, PA","W734472","Retail, Store Ops","08/07/2026, 11:45 AM",,"Full time","4101 NORTHVIEW DR, Bowie, MD, 20716, US","ACME Markets","3 to 5 years of progressive retail leadership experience, preferably in grocery, retail, or service industries. High school diploma or equivalent required; college bachelor’s degree preferred. Proven success in team development, sales growth, and operational strategy. Strong analytical, communication, and coaching skills. Experience with workforce management tools and financial analysis platforms. Passion for inclusive leadership, coaching, and community engagement. Physical Environment: Ability to sit, stand or walk for extended periods of time. Ability to reach, lift, stack, and maneuver objects of varying dimensions and weights up to approximately 55 pounds. May spend long periods of time at desk or computer terminal. May use calculators, keyboards, telephone, computers and other office equipment during normal workday. Stooping, bending, twisting, and reaching may be required in completion of some job duties. Workdays are fast paced; holiday, evening and weekend work may be required. This is not an all-inclusive list of duties, functions, or physical requirements of the job. Pay Transparency: The pay range is $88,400 to $148,000 per year, but no less than the local minimum wage. Starting rates will vary based on things like location, experience, qualifications and the terms of any applicable collective bargaining agreement."
"Refrigeration Technician - Philadelphia, Chester, Delaware Counties","W738695","Retail, Store Ops","08/06/2026, 12:52 PM",,"Full time","75 VALLEY STREAM PARKWAY, Malvern, PA, 19355, US","ACME Markets","Up to 35 lbs frequently Up to 50 lbs occasionally Ability to access rooftops as needed. Able to drive a company vehicle. Must be 21 Years of age or older. Work in the vicinity of hazardous, flammable materials. Safety is our first priority; all drivers must have: A valid driver's license with no suspensions. No at fault accidents within the last three years. No DUI/DWI within the last seven years. No more than one moving violation within the last three years. Must pass a background check and Drug Screening"
"Acme Store Director-Philadelphia, PA","766523","Retail, Store Ops","09/14/2026, 02:44 PM",,"Full time","4101 NORTHVIEW DR, Bowie, MD, 20716, US","ACME Markets","3 to 5 years of progressive retail leadership experience, preferably in grocery, retail, or service industries. High school diploma or equivalent required; college bachelor’s degree preferred. Proven success in team development, sales growth, and operational strategy. Strong analytical, communication, and coaching skills. Experience with workforce management tools and financial analysis platforms. Passion for inclusive leadership, coaching, and community engagement. Physical Environment: Ability to sit, stand or walk for extended periods of time. Ability to reach, lift, stack, and maneuver objects of varying dimensions and weights up to approximately 55 pounds. May spend long periods of time at desk or computer terminal. May use calculators, keyboards, telephone, computers and other office equipment during normal workday. Stooping, bending, twisting, and reaching may be required in completion of some job duties. Workdays are fast paced; holiday, evening and weekend work may be required. This is not an all-inclusive list of duties, functions, or physical requirements of the job. Pay Transparency: The pay range is $88,400 to $148,000 per year, but no less than the local minimum wage. Starting rates will vary based on things like location, experience, qualifications and the terms of any applicable collective bargaining agreement."
