"education","sample_records","unemployed_records","weighted_labor_force","weighted_unemployed","unemployment_rate","comparison","subgroup"
"Less than high school",27176,1679,101272240.036,6423374.2501,6.34268013407883,"Overall","All"
"High school graduate",117750,4810,401658813.2222,17519878.5376,4.36188077065992,"Overall","All"
"Some college / associate",115787,3665,394129423.6069,13562827.1878,3.44121153495188,"Overall","All"
"Bachelor's or higher",208032,4499,723252271.5221,16794611.5035,2.32209592209858,"Overall","All"
"Less than high school",9781,710,35099171.7597,2678548.2071,7.63137154756296,"Sex","Female"
"Less than high school",17395,969,66173068.2763,3744826.043,5.65913919445869,"Sex","Male"
"High school graduate",47808,1983,160348000.6533,7200508.1381,4.4905506203777,"Sex","Female"
"High school graduate",69942,2827,241310812.5689,10319370.3995,4.27638127344732,"Sex","Male"
"Some college / associate",57359,1842,190799657.5881,6618410.0225,3.46877458071119,"Sex","Female"
"Some college / associate",58428,1823,203329766.0188,6944417.1653,3.4153470499041,"Sex","Male"
"Bachelor's or higher",109823,2390,375140146.7748,8714152.8439,2.32290596429584,"Sex","Female"
"Bachelor's or higher",98209,2109,348112124.7473,8080458.6596,2.32122298683671,"Sex","Male"
"Less than high school",13274,947,49754778.319,3635383.56,7.30660186382892,"Age","25-44"
"Less than high school",13902,732,51517461.717,2787990.6901,5.41173923788253,"Age","45-64"
"High school graduate",62242,3165,220758246.308,11929222.2308,5.40374931868069,"Age","25-44"
"High school graduate",55508,1645,180900566.9142,5590656.3068,3.09045814624319,"Age","45-64"
"Some college / associate",60068,2211,213759501.3835,8429791.5688,3.94358684139908,"Age","25-44"
"Some college / associate",55719,1454,180369922.2234,5133035.619,2.845837906745,"Age","45-64"
"Bachelor's or higher",115297,2599,411189866.7146,10175534.5497,2.47465596149106,"Age","25-44"
"Bachelor's or higher",92735,1900,312062404.8075,6619076.9538,2.12107477601574,"Age","45-64"
