"skill","postings","percent"
"Organization / time management",37,31.3559322033898
"Attention to detail",34,28.8135593220339
"Communication",34,28.8135593220339
"Teamwork",26,22.0338983050847
"Food safety / sanitation",24,20.3389830508475
"Food preparation",18,15.2542372881356
"Inventory / merchandising",13,11.0169491525424
"Numeracy / finance",12,10.1694915254237
"Cash handling",10,8.47457627118644
"Problem solving",10,8.47457627118644
"Digital tools",8,6.77966101694915
"Leadership / coaching",7,5.93220338983051
"Creativity",2,1.69491525423729
