"job_type","skill","postings","mentions","percent"
"Food / beverage","Attention to detail",58,25,43.1034482758621
"Food / beverage","Cash handling",58,3,5.17241379310345
"Food / beverage","Communication",58,19,32.7586206896552
"Food / beverage","Creativity",58,2,3.44827586206897
"Food / beverage","Digital tools",58,1,1.72413793103448
"Food / beverage","Food preparation",58,17,29.3103448275862
"Food / beverage","Food safety / sanitation",58,19,32.7586206896552
"Food / beverage","Inventory / merchandising",58,5,8.62068965517241
"Food / beverage","Leadership / coaching",58,0,0
"Food / beverage","Numeracy / finance",58,3,5.17241379310345
"Food / beverage","Organization / time management",58,25,43.1034482758621
"Food / beverage","Problem solving",58,0,0
"Food / beverage","Teamwork",58,21,36.2068965517241
"Front end","Attention to detail",28,3,10.7142857142857
"Front end","Cash handling",28,6,21.4285714285714
"Front end","Communication",28,6,21.4285714285714
"Front end","Creativity",28,0,0
"Front end","Digital tools",28,0,0
"Front end","Food preparation",28,0,0
"Front end","Food safety / sanitation",28,0,0
"Front end","Inventory / merchandising",28,3,10.7142857142857
"Front end","Leadership / coaching",28,0,0
"Front end","Numeracy / finance",28,3,10.7142857142857
"Front end","Organization / time management",28,6,21.4285714285714
"Front end","Problem solving",28,6,21.4285714285714
"Front end","Teamwork",28,3,10.7142857142857
"Maintenance","Attention to detail",1,0,0
"Maintenance","Cash handling",1,0,0
"Maintenance","Communication",1,0,0
"Maintenance","Creativity",1,0,0
"Maintenance","Digital tools",1,0,0
"Maintenance","Food preparation",1,0,0
"Maintenance","Food safety / sanitation",1,0,0
"Maintenance","Inventory / merchandising",1,0,0
"Maintenance","Leadership / coaching",1,0,0
"Maintenance","Numeracy / finance",1,0,0
"Maintenance","Organization / time management",1,0,0
"Maintenance","Problem solving",1,0,0
"Maintenance","Teamwork",1,0,0
"Management","Attention to detail",6,1,16.6666666666667
"Management","Cash handling",6,1,16.6666666666667
"Management","Communication",6,4,66.6666666666667
"Management","Creativity",6,0,0
"Management","Digital tools",6,4,66.6666666666667
"Management","Food preparation",6,1,16.6666666666667
"Management","Food safety / sanitation",6,1,16.6666666666667
"Management","Inventory / merchandising",6,3,50
"Management","Leadership / coaching",6,6,100
"Management","Numeracy / finance",6,3,50
"Management","Organization / time management",6,1,16.6666666666667
"Management","Problem solving",6,2,33.3333333333333
"Management","Teamwork",6,0,0
"Online order picking","Attention to detail",11,2,18.1818181818182
"Online order picking","Cash handling",11,0,0
"Online order picking","Communication",11,2,18.1818181818182
"Online order picking","Creativity",11,0,0
"Online order picking","Digital tools",11,2,18.1818181818182
"Online order picking","Food preparation",11,0,0
"Online order picking","Food safety / sanitation",11,2,18.1818181818182
"Online order picking","Inventory / merchandising",11,0,0
"Online order picking","Leadership / coaching",11,0,0
"Online order picking","Numeracy / finance",11,0,0
"Online order picking","Organization / time management",11,2,18.1818181818182
"Online order picking","Problem solving",11,2,18.1818181818182
"Online order picking","Teamwork",11,2,18.1818181818182
"Pharmacy","Attention to detail",3,1,33.3333333333333
"Pharmacy","Cash handling",3,0,0
"Pharmacy","Communication",3,1,33.3333333333333
"Pharmacy","Creativity",3,0,0
"Pharmacy","Digital tools",3,1,33.3333333333333
"Pharmacy","Food preparation",3,0,0
"Pharmacy","Food safety / sanitation",3,0,0
"Pharmacy","Inventory / merchandising",3,0,0
"Pharmacy","Leadership / coaching",3,1,33.3333333333333
"Pharmacy","Numeracy / finance",3,1,33.3333333333333
"Pharmacy","Organization / time management",3,1,33.3333333333333
"Pharmacy","Problem solving",3,0,0
"Pharmacy","Teamwork",3,0,0
"Stocking / store support","Attention to detail",11,2,18.1818181818182
"Stocking / store support","Cash handling",11,0,0
"Stocking / store support","Communication",11,2,18.1818181818182
"Stocking / store support","Creativity",11,0,0
"Stocking / store support","Digital tools",11,0,0
"Stocking / store support","Food preparation",11,0,0
"Stocking / store support","Food safety / sanitation",11,2,18.1818181818182
"Stocking / store support","Inventory / merchandising",11,2,18.1818181818182
"Stocking / store support","Leadership / coaching",11,0,0
"Stocking / store support","Numeracy / finance",11,2,18.1818181818182
"Stocking / store support","Organization / time management",11,2,18.1818181818182
"Stocking / store support","Problem solving",11,0,0
"Stocking / store support","Teamwork",11,0,0
